Date,Outcome,Time of Entry,Option Symbol,Entry Price,Exit Price,Time of Exit,Quantity,SL,PnL,Cumulative PnL,Equity
03-01-2022 15:05,SHORT,10:01,NIFTYBANK,35798.9,36395.45,15:05,2793,,-1666164.1499999878,-1666164.1499999878,98333835.85
04-01-2022 12:43,SHORT,15:15,NIFTYBANK,36405.3,36712.3,12:43,2701,,-829207.0,-2495371.149999988,97504628.85
05-01-2022 10:46,SHORT,14:13,NIFTYBANK,36703.45,37380.35,10:46,2656,,-1797846.4000000039,-4293217.549999991,95706782.44999999
06-01-2022 12:02,SHORT,11:13,NIFTYBANK,37339.3,37299.05,12:02,2563,,103160.75,-4190056.7999999914,95809943.19999999
07-01-2022 11:36,SHORT,12:53,NIFTYBANK,37298.45,37931.65,11:36,2568,,-1626057.6000000113,-5816114.400000002,94183885.59999998
07-01-2022 13:32,LONG,11:39,NIFTYBANK,37929.1,37641.1,13:32,2483,,-715104.0,-6531218.400000002,93468781.59999998
10-01-2022 10:29,SHORT,15:10,NIFTYBANK,37699.0,38172.9,10:29,2479,,-1174798.1000000036,-7706016.500000006,92293983.49999996
10-01-2022 12:31,LONG,10:30,NIFTYBANK,38168.85,38140.25,12:31,2418,,-69154.79999999648,-7775171.300000002,92224828.69999996
10-01-2022 12:57,SHORT,12:32,NIFTYBANK,38132.55,38121.85,12:57,2418,,25872.600000010556,-7749298.699999991,92250701.29999997
10-01-2022 13:19,LONG,12:58,NIFTYBANK,38121.45,38109.6,13:19,2419,,-28665.14999999648,-7777963.8499999875,92222036.14999996
11-01-2022 12:23,SHORT,13:20,NIFTYBANK,38102.7,38323.65,12:23,2420,,-534699.0000000106,-8312662.849999998,91687337.14999998
12-01-2022 10:45,SHORT,12:48,NIFTYBANK,38363.0,38803.8,10:45,2389,,-1053071.200000007,-9365734.050000004,90634265.94999997
12-01-2022 11:40,LONG,10:46,NIFTYBANK,38801.8,38752.0,11:40,2335,,-116283.0000000068,-9482017.050000012,90517982.94999997
12-01-2022 12:57,SHORT,11:41,NIFTYBANK,38755.15,38763.1,12:57,2335,,-18563.249999993204,-9500580.300000004,90499419.69999999
12-01-2022 15:22,SHORT,12:58,NIFTYBANK,38768.1,38729.65,15:22,2334,,89742.2999999932,-9410838.000000011,90589161.99999996
13-01-2022 11:49,LONG,15:23,NIFTYBANK,38724.0,38533.55,11:49,2339,,-445462.5499999932,-9856300.550000004,90143699.44999996
13-01-2022 12:08,SHORT,11:51,NIFTYBANK,38537.15,38540.3,12:08,2339,,-7367.850000003404,-9863668.400000008,90136331.59999995
13-01-2022 13:46,LONG,12:14,NIFTYBANK,38544.5,38472.95,13:46,2338,,-167283.9000000068,-10030952.300000014,89969047.69999994
13-01-2022 14:45,SHORT,13:48,NIFTYBANK,38475.05,38417.15,14:45,2338,,135370.2000000034,-9895582.10000001,90104417.89999996
13-01-2022 15:18,LONG,14:49,NIFTYBANK,38420.85,38470.5,15:18,2345,,116429.2500000034,-9779152.850000007,90220847.14999996
14-01-2022 09:30,LONG,15:28,NIFTYBANK,38456.65,38194.45,09:30,2346,,-615121.2000000102,-10394274.050000018,89605725.94999994
14-01-2022 10:18,SHORT,09:32,NIFTYBANK,38184.75,38253.7,10:18,2346,,-161756.69999999317,-10556030.750000011,89443969.24999994
14-01-2022 11:56,LONG,11:09,NIFTYBANK,38132.0,38102.05,11:56,2345,,-70232.74999999318,-10626263.500000004,89373736.49999994
14-01-2022 14:32,SHORT,11:59,NIFTYBANK,38103.55,38310.35,14:32,2345,,-484945.99999998976,-11111209.499999993,88888790.49999994
17-01-2022 10:13,LONG,14:34,NIFTYBANK,38306.9,38341.35,10:13,2320,,79923.99999999325,-11031285.5,88968714.49999994
17-01-2022 11:40,SHORT,10:22,NIFTYBANK,38330.6,38299.75,11:40,2321,,71602.84999999663,-10959682.650000004,89040317.34999993
17-01-2022 12:27,LONG,11:42,NIFTYBANK,38306.1,38209.25,12:27,2324,,-225079.39999999662,-11184762.05,88815237.94999994
17-01-2022 14:21,SHORT,12:30,NIFTYBANK,38206.65,38231.2,14:21,2324,,-57054.199999989854,-11241816.24999999,88758183.74999996
17-01-2022 15:12,LONG,14:25,NIFTYBANK,38225.0,38193.2,15:12,2321,,-73807.80000000675,-11315624.049999997,88684375.94999994
19-01-2022 10:42,SHORT,15:13,NIFTYBANK,38198.1,38189.35,10:42,2321,,20308.75,-11295315.299999997,88704684.69999996
19-01-2022 11:43,LONG,10:47,NIFTYBANK,38181.75,38102.7,11:43,2323,,-183633.15000000678,-11478948.450000003,88521051.54999995
19-01-2022 15:16,SHORT,11:44,NIFTYBANK,38103.65,38050.2,15:16,2323,,124164.35000001013,-11354784.099999992,88645215.89999995
20-01-2022 11:43,LONG,10:31,NIFTYBANK,37995.3,37890.0,11:43,2333,,-245664.90000000678,-11600448.999999998,88399550.99999994
21-01-2022 11:42,SHORT,12:24,NIFTYBANK,37940.5,37384.15,11:42,2329,,1295739.1499999966,-10304709.850000001,89695290.14999993
24-01-2022 10:41,SHORT,12:23,NIFTYBANK,37566.15,37459.45,10:41,2387,,254692.9000000104,-10050016.949999992,89949983.04999994
25-01-2022 14:29,LONG,10:42,NIFTYBANK,37449.75,37512.35,14:29,2401,,150302.5999999965,-9899714.349999996,90100285.64999993
31-01-2022 10:10,SHORT,10:06,NIFTYBANK,37310.25,37848.35,10:10,2414,,-1298973.3999999964,-11198687.749999993,88801312.24999993
02-02-2022 12:44,SHORT,11:02,NIFTYBANK,37712.4,39219.1,12:44,2354,,-3546771.7999999933,-14745459.549999986,85254540.44999994
02-02-2022 14:23,LONG,12:45,NIFTYBANK,39218.05,39229.0,14:23,2173,,23794.349999993676,-14721665.199999992,85278334.79999994
02-02-2022 14:58,SHORT,14:24,NIFTYBANK,39244.7,39339.05,14:58,2172,,-204928.20000001264,-14926593.400000004,85073406.59999992
03-02-2022 10:51,LONG,15:10,NIFTYBANK,39329.1,39253.6,10:51,2163,,-163306.5,-15089899.900000004,84910100.09999992
03-02-2022 14:50,SHORT,10:52,NIFTYBANK,39238.7,39148.6,14:50,2163,,194886.29999999685,-14895013.600000007,85104986.39999993
04-02-2022 11:40,SHORT,09:46,NIFTYBANK,39194.35,38923.65,11:40,2171,,587689.6999999937,-14307323.900000013,85692676.09999993
04-02-2022 14:48,SHORT,13:42,NIFTYBANK,38754.95,38750.35,14:48,2211,,10170.599999996783,-14297153.300000018,85702846.69999993
09-02-2022 12:58,SHORT,14:19,NIFTYBANK,37987.8,38488.1,12:58,2256,,-1128676.79999999,-15425830.100000007,84574169.89999995
10-02-2022 14:38,SHORT,13:29,NIFTYBANK,38455.85,39088.55,14:38,2199,,-1391307.3000000096,-16817137.400000017,83182862.59999995
14-02-2022 11:26,SHORT,11:16,NIFTYBANK,38497.05,37410.75,11:26,2160,,2346408.0000000065,-14470729.40000001,85529270.59999996
14-02-2022 12:01,LONG,11:27,NIFTYBANK,37404.95,37329.5,12:01,2286,,-172478.69999999335,-14643208.100000003,85356791.89999998
14-02-2022 13:40,SHORT,12:02,NIFTYBANK,37325.8,37345.05,13:40,2286,,-44005.5,-14687213.600000003,85312786.39999998
15-02-2022 11:42,LONG,09:52,NIFTYBANK,36860.7,37035.1,11:42,2314,,403561.60000000335,-14283652.0,85716347.99999997
16-02-2022 14:05,SHORT,11:43,NIFTYBANK,37041.3,38406.6,14:05,2314,,-3159304.19999999,-17442956.199999988,82557043.8
17-02-2022 11:34,SHORT,10:51,NIFTYBANK,37693.9,37832.55,11:34,2190,,-303643.5000000032,-17746599.69999999,82253400.30000001
18-02-2022 14:34,SHORT,11:10,NIFTYBANK,37544.7,37571.4,14:34,2190,,-58473.00000000956,-17805072.700000003,82194927.30000001
21-02-2022 11:19,LONG,14:38,NIFTYBANK,37577.25,37728.35,11:19,2187,,330455.6999999968,-17474617.000000007,82525383.00000001
23-02-2022 12:27,SHORT,11:21,NIFTYBANK,37727.8,37618.35,12:27,2187,,239367.15000000954,-17235249.849999998,82764750.15000002
24-02-2022 11:26,LONG,12:29,NIFTYBANK,37628.1,36186.4,11:26,2199,,-3170298.2999999938,-20405548.14999999,79594451.85000004
25-02-2022 14:03,SHORT,11:27,NIFTYBANK,36189.4,36467.1,14:03,2199,,-610662.2999999936,-21016210.449999984,78983789.55000006
28-02-2022 14:32,LONG,10:04,NIFTYBANK,35774.5,36001.9,14:32,2207,,501871.8000000032,-20514338.64999998,79485661.35000005
02-03-2022 11:46,SHORT,14:58,NIFTYBANK,36099.85,35179.35,11:46,2201,,2026020.5,-18488318.14999998,81511681.85000005
02-03-2022 15:27,LONG,11:48,NIFTYBANK,35174.6,35463.1,15:27,2317,,668454.5,-17819863.64999998,82180136.35000005
03-03-2022 13:41,LONG,09:56,NIFTYBANK,35345.75,35025.25,13:41,2325,,-745162.5,-18565026.14999998,81434973.85000005
07-03-2022 09:44,SHORT,13:42,NIFTYBANK,35028.6,32923.7,09:44,2324,,4891787.600000003,-13673238.549999977,86326761.45000006
09-03-2022 10:50,SHORT,11:32,NIFTYBANK,32963.85,33168.3,10:50,2618,,-535250.1000000114,-14208488.649999987,85791511.35000005
10-03-2022 10:58,LONG,10:56,NIFTYBANK,33168.05,35250.2,10:58,2586,,5384439.899999985,-8824048.750000004,91175951.25000003
10-03-2022 11:59,SHORT,11:04,NIFTYBANK,35249.7,35226.7,11:59,2586,,59478.0,-8764570.750000004,91235429.25000003
11-03-2022 09:50,LONG,12:00,NIFTYBANK,35225.8,34620.75,09:50,2590,,-1567079.5000000075,-10331650.250000011,89668349.75000001
15-03-2022 11:07,SHORT,11:42,NIFTYBANK,34665.35,35469.0,11:07,2586,,-2078238.9000000039,-12409889.150000015,87590110.85000002
15-03-2022 11:34,LONG,11:14,NIFTYBANK,35466.0,35459.0,11:34,2469,,-17283.0,-12427172.150000015,87572827.85000002
15-03-2022 13:56,SHORT,11:37,NIFTYBANK,35454.7,35099.5,13:56,2469,,876988.7999999928,-11550183.350000022,88449816.65000004
16-03-2022 13:07,SHORT,10:40,NIFTYBANK,35610.35,35667.8,13:07,2483,,-142648.35000001083,-11692831.700000033,88307168.30000004
16-03-2022 13:37,LONG,13:08,NIFTYBANK,35662.7,35644.7,13:37,2476,,-44568.0,-11737399.700000033,88262600.30000004
17-03-2022 10:51,SHORT,13:41,NIFTYBANK,35660.05,36493.25,10:51,2475,,-2062169.9999999928,-13799569.700000025,86200430.30000004
17-03-2022 11:22,LONG,10:57,NIFTYBANK,36490.45,36484.35,11:22,2362,,-14408.199999996563,-13813977.900000023,86186022.10000005
17-03-2022 13:02,SHORT,11:23,NIFTYBANK,36484.25,36504.1,13:02,2362,,-46885.69999999656,-13860863.60000002,86139136.40000005
17-03-2022 13:59,LONG,13:03,NIFTYBANK,36501.45,36517.35,13:59,2359,,37508.10000000343,-13823355.500000017,86176644.50000004
21-03-2022 10:31,SHORT,14:02,NIFTYBANK,36522.4,36137.05,10:31,2359,,909040.6499999965,-12914314.85000002,87085685.15000005
21-03-2022 11:59,SHORT,10:58,NIFTYBANK,36174.05,36177.05,11:59,2407,,-7221.0,-12921535.85000002,87078464.15000005
22-03-2022 11:16,LONG,12:21,NIFTYBANK,36153.7,35651.45,11:16,2408,,-1209418.0,-14130953.85000002,85869046.15000005
23-03-2022 10:16,SHORT,11:17,NIFTYBANK,35642.5,36523.75,10:16,2409,,-2122931.25,-16253885.10000002,83746114.90000004
25-03-2022 11:44,SHORT,11:24,NIFTYBANK,36345.7,35513.4,11:44,2304,,1917619.19999999,-14336265.90000003,85663734.10000004
29-03-2022 12:17,LONG,11:45,NIFTYBANK,35512.15,35717.15,12:17,2412,,494460.0,-13841805.90000003,86158194.10000004
29-03-2022 14:33,SHORT,13:32,NIFTYBANK,35620.45,35684.5,14:33,2418,,-154872.90000000704,-13996678.800000038,86003321.20000005
30-03-2022 10:54,SHORT,15:18,NIFTYBANK,35832.25,36367.7,10:54,2400,,-1285079.999999993,-15281758.80000003,84718241.20000005
30-03-2022 14:15,LONG,12:02,NIFTYBANK,36319.15,36277.0,14:15,2332,,-98293.8000000034,-15380052.600000033,84619947.40000005
31-03-2022 10:07,SHORT,15:10,NIFTYBANK,36322.45,36525.2,10:07,2329,,-472204.75,-15852257.350000033,84147742.65000005
31-03-2022 12:26,LONG,10:27,NIFTYBANK,36506.4,36405.0,12:26,2305,,-233727.00000000335,-16085984.350000037,83914015.65000005
31-03-2022 13:47,SHORT,12:27,NIFTYBANK,36417.15,36391.6,13:47,2304,,58867.200000006706,-16027117.15000003,83972882.85000007
31-03-2022 15:00,LONG,13:56,NIFTYBANK,36405.1,36352.25,15:00,2306,,-121872.09999999664,-16148989.250000026,83851010.75000007
01-04-2022 11:28,SHORT,09:52,NIFTYBANK,36547.3,36752.8,11:28,2294,,-471417.0,-16620406.250000026,83379593.75000007
01-04-2022 11:35,LONG,11:29,NIFTYBANK,36745.0,36758.65,11:35,2269,,30971.850000003302,-16589434.400000023,83410565.60000008
01-04-2022 11:37,SHORT,11:36,NIFTYBANK,36759.15,36752.35,11:37,2269,,15429.200000006604,-16574005.200000016,83425994.80000012
01-04-2022 11:42,LONG,11:40,NIFTYBANK,36750.75,36760.15,11:42,2270,,21338.000000003303,-16552667.200000012,83447332.80000012
01-04-2022 12:15,LONG,11:46,NIFTYBANK,36749.85,36772.05,12:15,2270,,50394.00000000991,-16502273.200000003,83497726.80000012
01-04-2022 14:36,SHORT,12:16,NIFTYBANK,36777.3,37106.55,14:36,2270,,-747397.5,-17249670.700000003,82750329.30000013
05-04-2022 11:30,SHORT,15:10,NIFTYBANK,37118.1,38343.1,11:30,2229,,-2730525.0,-19980195.700000003,80019804.30000012
05-04-2022 12:55,LONG,11:35,NIFTYBANK,38346.05,38325.25,12:55,2086,,-43388.80000000607,-20023584.500000007,79976415.5000001
05-04-2022 14:20,SHORT,12:56,NIFTYBANK,38318.1,38394.35,14:20,2087,,-159133.75,-20182718.250000007,79817281.7500001
06-04-2022 11:44,SHORT,11:04,NIFTYBANK,37574.55,37602.95,11:44,2124,,-60321.59999998764,-20243039.849999994,79756960.15000011
06-04-2022 15:25,SHORT,12:14,NIFTYBANK,37722.15,37625.2,15:25,2114,,204952.30000000924,-20038087.549999986,79961912.45000012
07-04-2022 10:52,LONG,15:26,NIFTYBANK,37617.7,37487.9,10:52,2125,,-275824.99999999074,-20313912.54999998,79686087.45000012
07-04-2022 13:20,SHORT,10:54,NIFTYBANK,37494.55,37865.8,13:20,2125,,-788906.25,-21102818.79999998,78897181.2000001
08-04-2022 13:17,LONG,13:21,NIFTYBANK,37865.7,37651.65,13:17,2083,,-445866.1499999909,-21548684.94999997,78451315.05000012
11-04-2022 12:16,SHORT,13:19,NIFTYBANK,37646.5,37834.3,12:16,2083,,-391187.4000000061,-21939872.349999975,78060127.65000013
11-04-2022 14:16,LONG,12:18,NIFTYBANK,37834.4,37795.9,14:16,2063,,-79425.5,-22019297.849999975,77980702.15000013
11-04-2022 14:55,SHORT,14:22,NIFTYBANK,37801.7,37702.8,14:55,2062,,203931.799999988,-21815366.049999986,78184633.95000012
12-04-2022 10:12,SHORT,15:14,NIFTYBANK,37611.45,37379.1,10:12,2078,,482823.29999999696,-21332542.74999999,78667457.25000013
13-04-2022 09:58,SHORT,11:13,NIFTYBANK,37400.4,37878.1,09:58,2103,,-1004603.0999999939,-22337145.849999983,77662854.15000014
13-04-2022 10:56,LONG,09:59,NIFTYBANK,37877.2,37773.1,10:56,2050,,-213404.99999999703,-22550550.84999998,77449449.15000014
13-04-2022 13:37,SHORT,10:58,NIFTYBANK,37772.7,37654.0,13:37,2050,,243334.99999999403,-22307215.849999987,77692784.15000015
18-04-2022 11:45,LONG,14:45,NIFTYBANK,37608.5,36808.8,11:45,2065,,-1651380.499999994,-23958596.34999998,76041403.65000015
18-04-2022 13:40,LONG,12:42,NIFTYBANK,36646.2,36567.6,13:40,2075,,-163094.99999999697,-24121691.349999975,75878308.65000015
19-04-2022 12:47,SHORT,13:43,NIFTYBANK,36563.6,36891.55,12:47,2075,,-680496.2500000091,-24802187.599999983,75197812.40000015
19-04-2022 13:58,LONG,12:48,NIFTYBANK,36887.55,37017.3,13:58,2038,,264430.5,-24537757.099999983,75462242.90000015
21-04-2022 10:16,SHORT,13:59,NIFTYBANK,37006.3,36477.15,10:16,2039,,1078936.850000003,-23458820.24999998,76541179.75000013
21-04-2022 10:49,LONG,10:17,NIFTYBANK,36470.25,36502.3,10:49,2098,,67240.9000000061,-23391579.349999975,76608420.65000014
21-04-2022 12:15,SHORT,10:50,NIFTYBANK,36495.35,36602.3,12:15,2099,,-224488.05000000916,-23616067.399999984,76383932.60000013
21-04-2022 13:35,LONG,12:17,NIFTYBANK,36597.9,36601.4,13:35,2087,,7304.5,-23608762.899999984,76391237.10000013
22-04-2022 12:17,SHORT,13:37,NIFTYBANK,36597.4,36396.85,12:17,2087,,418547.8500000061,-23190215.04999998,76809784.95000012
22-04-2022 12:47,LONG,12:18,NIFTYBANK,36382.0,36375.25,12:47,2111,,-14249.25,-23204464.29999998,76795535.70000012
22-04-2022 14:15,LONG,13:21,NIFTYBANK,36329.85,36109.55,14:15,2113,,-465493.89999999077,-23669958.19999997,76330041.80000013
22-04-2022 15:25,SHORT,14:16,NIFTYBANK,36108.6,36034.5,15:25,2113,,156573.29999999693,-23513384.899999972,76486615.10000014
25-04-2022 12:02,LONG,11:29,NIFTYBANK,36114.4,36077.8,12:02,2117,,-77482.19999999693,-23590867.099999968,76409132.90000015
26-04-2022 10:24,SHORT,12:03,NIFTYBANK,36080.5,36505.4,10:24,2117,,-899513.3000000031,-24490380.399999972,75509619.60000016
26-04-2022 12:26,LONG,10:25,NIFTYBANK,36500.4,36544.85,12:26,2068,,91922.59999999398,-24398457.79999998,75601542.20000015
27-04-2022 10:16,SHORT,12:29,NIFTYBANK,36545.85,36108.25,10:16,2068,,904956.799999997,-23493500.99999998,76506499.00000015
27-04-2022 10:58,LONG,10:28,NIFTYBANK,36070.6,36071.65,10:58,2121,,2227.050000006173,-23491273.949999977,76508726.05000016
27-04-2022 11:28,SHORT,11:01,NIFTYBANK,36068.9,36050.3,11:28,2121,,39450.59999999691,-23451823.34999998,76548176.65000015
27-04-2022 13:33,LONG,11:29,NIFTYBANK,36042.7,35905.15,13:33,2123,,-292018.6499999907,-23743841.99999997,76256158.00000016
28-04-2022 10:11,SHORT,13:34,NIFTYBANK,35902.8,36050.5,10:11,2123,,-313567.0999999938,-24057409.099999964,75942590.90000015
28-04-2022 11:41,LONG,10:15,NIFTYBANK,36048.35,36082.8,11:41,2106,,72551.7000000092,-23984857.399999954,76015142.60000017
29-04-2022 10:05,SHORT,11:43,NIFTYBANK,36081.75,36410.5,10:05,2106,,-692347.5,-24677204.899999954,75322795.10000017
04-05-2022 12:08,SHORT,11:22,NIFTYBANK,36541.5,36071.85,12:08,2061,,967948.650000003,-23709256.24999995,76290743.75000018
04-05-2022 13:10,LONG,12:26,NIFTYBANK,35932.05,35854.75,13:10,2123,,-164107.9000000062,-23873364.149999958,76126635.85000017
05-05-2022 10:40,SHORT,13:27,NIFTYBANK,35978.9,35797.25,10:40,2115,,384189.7500000031,-23489174.399999954,76510825.60000017
05-05-2022 12:14,LONG,11:26,NIFTYBANK,35841.55,35691.35,12:14,2134,,-320526.8000000093,-23809701.199999962,76190298.80000016
10-05-2022 11:14,SHORT,12:15,NIFTYBANK,35693.35,34372.4,11:14,2134,,2818907.2999999938,-20990793.89999997,79009206.10000016
10-05-2022 12:12,LONG,11:18,NIFTYBANK,34364.95,34498.05,12:12,2299,,305996.9000000134,-20684796.999999955,79315203.00000016
11-05-2022 10:06,SHORT,13:48,NIFTYBANK,34597.15,34508.2,10:06,2292,,203873.40000001,-20480923.599999946,79519076.40000017
11-05-2022 11:32,LONG,10:22,NIFTYBANK,34507.85,34449.25,11:32,2304,,-135014.39999999665,-20615937.99999994,79384062.00000018
11-05-2022 12:41,SHORT,11:40,NIFTYBANK,34462.6,34427.05,12:41,2303,,81871.64999998995,-20534066.34999995,79465933.65000018
12-05-2022 13:42,SHORT,12:03,NIFTYBANK,33761.65,33733.8,13:42,2353,,65531.049999996576,-20468535.299999952,79531464.7000002
13-05-2022 10:31,LONG,13:44,NIFTYBANK,33730.0,33704.4,10:31,2357,,-60339.19999999657,-20528874.499999948,79471125.5000002
18-05-2022 11:05,SHORT,10:42,NIFTYBANK,33715.65,34509.75,11:05,2357,,-1871693.6999999965,-22400568.199999943,77599431.80000019
18-05-2022 13:01,SHORT,11:40,NIFTYBANK,34524.05,34272.3,13:01,2247,,565682.25,-21834885.949999943,78165114.0500002
19-05-2022 10:38,LONG,15:11,NIFTYBANK,34175.8,33535.75,10:38,2287,,-1463794.3500000066,-23298680.29999995,76701319.7000002
19-05-2022 11:13,SHORT,10:43,NIFTYBANK,33533.2,33557.0,11:13,2287,,-54430.600000006656,-23353110.899999954,76646889.1000002
19-05-2022 13:50,LONG,11:17,NIFTYBANK,33566.85,33344.85,13:50,2283,,-506826.0,-23859936.899999954,76140063.1000002
20-05-2022 09:41,LONG,14:25,NIFTYBANK,33242.7,33964.45,09:41,2290,,1652807.5,-22207129.399999954,77792870.6000002
20-05-2022 10:27,SHORT,09:42,NIFTYBANK,33955.2,34055.7,10:27,2291,,-230245.5,-22437374.899999954,77562625.1000002
20-05-2022 10:57,LONG,10:32,NIFTYBANK,34056.95,34078.2,10:57,2277,,48386.25,-22388988.649999954,77611011.3500002
20-05-2022 13:38,SHORT,10:58,NIFTYBANK,34088.35,34235.25,13:38,2276,,-334344.4000000033,-22723333.049999956,77276666.9500002
20-05-2022 14:54,LONG,13:52,NIFTYBANK,34228.3,34285.5,14:54,2257,,129100.39999999343,-22594232.64999996,77405767.35000019
24-05-2022 09:56,SHORT,09:56,NIFTYBANK,34546.6,34354.35,09:56,2240,,430640.0,-22163592.64999996,77836407.3500002
24-05-2022 14:20,SHORT,12:27,NIFTYBANK,34439.25,34354.9,14:20,2260,,190630.9999999967,-21972961.649999965,78027038.3500002
25-05-2022 10:04,SHORT,14:47,NIFTYBANK,34253.65,34583.2,10:04,2277,,-750385.3499999901,-22723346.999999955,77276653.00000022
25-05-2022 10:59,LONG,10:09,NIFTYBANK,34581.9,34664.7,10:59,2234,,184975.19999999023,-22538371.799999963,77461628.20000021
25-05-2022 11:42,SHORT,11:05,NIFTYBANK,34663.8,34566.55,11:42,2234,,217256.5,-22321115.299999963,77678884.70000021
26-05-2022 11:10,LONG,12:55,NIFTYBANK,34441.9,34472.05,11:10,2255,,67988.25000000329,-22253127.04999996,77746872.95000021
26-05-2022 11:32,SHORT,11:12,NIFTYBANK,34472.95,34477.45,11:32,2255,,-10147.5,-22263274.54999996,77736725.45000023
26-05-2022 11:51,LONG,11:34,NIFTYBANK,34476.45,34483.25,11:51,2254,,15327.20000000656,-22247947.349999953,77752052.65000023
27-05-2022 11:10,SHORT,11:52,NIFTYBANK,34485.9,35507.25,11:10,2254,,-2302122.8999999966,-24550070.249999948,75449929.75000024
27-05-2022 13:09,LONG,11:11,NIFTYBANK,35496.85,35569.35,13:09,2125,,154062.5,-24396007.749999948,75603992.25000024
30-05-2022 10:53,SHORT,15:26,NIFTYBANK,35622.1,36000.4,10:53,2122,,-802752.6000000061,-25198760.349999953,74801239.65000023
31-05-2022 09:53,LONG,11:00,NIFTYBANK,36009.85,35661.4,09:53,2077,,-723730.649999994,-25922490.999999948,74077509.00000022
31-05-2022 11:22,SHORT,09:55,NIFTYBANK,35667.0,35831.6,11:22,2076,,-341709.59999999695,-26264200.599999946,73735799.40000024
31-05-2022 13:54,LONG,11:23,NIFTYBANK,35818.65,35783.35,13:54,2058,,-72647.40000000599,-26336847.99999995,73663152.00000024
01-06-2022 10:21,LONG,14:24,NIFTYBANK,35797.15,35609.15,10:21,2057,,-386716.0,-26723563.99999995,73276436.00000024
01-06-2022 12:09,SHORT,10:22,NIFTYBANK,35619.2,35669.15,12:09,2057,,-102747.15000000899,-26826311.14999996,73173688.85000022
02-06-2022 09:43,LONG,12:14,NIFTYBANK,35671.5,35519.35,09:43,2051,,-312059.650000003,-27138370.799999963,72861629.20000021
02-06-2022 12:58,SHORT,09:44,NIFTYBANK,35511.95,35538.15,12:58,2051,,-53736.200000008954,-27192106.999999974,72807893.00000021
03-06-2022 11:03,LONG,13:00,NIFTYBANK,35532.15,35695.35,11:03,2049,,334396.79999999405,-26857710.19999998,73142289.80000019
03-06-2022 12:03,SHORT,11:32,NIFTYBANK,35700.8,35707.25,12:03,2048,,-13209.59999999404,-26870919.799999975,73129080.2000002
06-06-2022 12:22,LONG,12:09,NIFTYBANK,35710.5,35322.6,12:22,2047,,-794031.300000003,-27664951.09999998,72335048.9000002
06-06-2022 14:58,SHORT,12:26,NIFTYBANK,35322.35,35344.35,14:58,2047,,-45034.0,-27709985.09999998,72290014.9000002
07-06-2022 10:15,LONG,09:38,NIFTYBANK,35043.45,35095.95,10:15,2062,,108255.0,-27601730.09999998,72398269.9000002
07-06-2022 10:47,SHORT,10:18,NIFTYBANK,35091.8,35080.5,10:47,2063,,23311.900000006004,-27578418.199999973,72421581.80000019
07-06-2022 11:42,LONG,10:48,NIFTYBANK,35072.75,34960.85,11:42,2064,,-230961.600000003,-27809379.799999975,72190620.20000018
07-06-2022 12:43,SHORT,11:43,NIFTYBANK,34961.45,34997.05,12:43,2064,,-73478.40000001201,-27882858.199999988,72117141.80000018
07-06-2022 13:24,LONG,13:01,NIFTYBANK,34962.55,34926.8,13:24,2062,,-73716.5,-27956574.699999988,72043425.30000018
07-06-2022 14:24,LONG,13:54,NIFTYBANK,34880.55,34881.5,14:24,2065,,1961.74999999399,-27954612.949999996,72045387.05000018
08-06-2022 11:04,SHORT,10:24,NIFTYBANK,35032.15,35341.55,11:04,2056,,-636126.4000000029,-28590739.349999998,71409260.65000015
08-06-2022 12:10,LONG,11:30,NIFTYBANK,35288.8,35324.0,12:10,2023,,71209.59999999411,-28519529.750000004,71480470.25000015
08-06-2022 15:11,LONG,12:35,NIFTYBANK,35292.05,34941.95,15:11,2025,,-708952.5000000118,-29228482.250000015,70771517.75000015
09-06-2022 11:21,SHORT,15:12,NIFTYBANK,34944.95,34821.0,11:21,2025,,250998.74999999412,-28977483.500000022,71022516.50000015
09-06-2022 12:15,LONG,11:23,NIFTYBANK,34814.0,34810.35,12:15,2040,,-7446.000000002969,-28984929.500000026,71015070.50000015
09-06-2022 13:00,SHORT,12:20,NIFTYBANK,34824.4,34861.1,13:00,2039,,-74831.29999999407,-29059760.80000002,70940239.20000015
09-06-2022 13:42,SHORT,13:25,NIFTYBANK,34812.3,34810.15,13:42,2037,,4379.550000002964,-29055381.250000015,70944618.75000016
10-06-2022 09:42,SHORT,13:49,NIFTYBANK,34820.95,34637.5,09:42,2037,,373687.6499999941,-28681693.60000002,71318306.40000015
10-06-2022 10:32,LONG,10:23,NIFTYBANK,34643.25,34651.35,10:32,2058,,16669.799999997005,-28665023.800000023,71334976.20000015
10-06-2022 10:40,SHORT,10:33,NIFTYBANK,34653.1,34644.75,10:40,2058,,17184.299999997005,-28647839.500000026,71352160.50000015
10-06-2022 11:09,LONG,10:43,NIFTYBANK,34649.0,34641.1,11:09,2059,,-16266.100000002996,-28664105.600000028,71335894.40000014
10-06-2022 11:12,SHORT,11:11,NIFTYBANK,34642.15,34631.7,11:12,2059,,21516.55000000899,-28642589.05000002,71357410.95000015
10-06-2022 11:16,SHORT,11:13,NIFTYBANK,34635.3,34629.45,11:16,2060,,12051.00000001199,-28630538.05000001,71369461.95000017
10-06-2022 11:49,LONG,11:20,NIFTYBANK,34628.55,34565.55,11:49,2061,,-129843.0,-28760381.05000001,71239618.95000017
10-06-2022 12:30,SHORT,11:53,NIFTYBANK,34565.8,34579.4,12:30,2060,,-28015.999999997002,-28788397.050000004,71211602.95000017
10-06-2022 14:16,SHORT,12:54,NIFTYBANK,34509.05,34436.5,14:16,2063,,149670.65000000602,-28638726.4,71361273.60000017
10-06-2022 14:39,LONG,14:20,NIFTYBANK,34430.85,34389.7,14:39,2072,,-85262.80000000302,-28723989.200000003,71276010.80000016
10-06-2022 15:27,SHORT,14:40,NIFTYBANK,34391.5,34464.8,15:27,2072,,-151877.60000000603,-28875866.80000001,71124133.20000015
13-06-2022 10:32,LONG,09:37,NIFTYBANK,33407.65,33300.5,10:32,2128,,-228015.2000000031,-29103882.00000001,70896118.00000015
13-06-2022 11:48,SHORT,10:33,NIFTYBANK,33300.75,33323.3,11:48,2128,,-47986.40000000619,-29151868.400000017,70848131.60000014
13-06-2022 11:56,SHORT,11:55,NIFTYBANK,33331.6,33324.25,11:56,2125,,15618.749999996908,-29136249.65000002,70863750.35000014
13-06-2022 12:54,SHORT,11:58,NIFTYBANK,33337.4,33312.9,12:54,2125,,52062.5,-29084187.15000002,70915812.85000014
13-06-2022 13:24,LONG,12:55,NIFTYBANK,33309.25,33321.8,13:24,2129,,26718.950000006196,-29057468.200000014,70942531.80000015
14-06-2022 12:37,SHORT,13:25,NIFTYBANK,33326.3,33423.1,12:37,2128,,-205990.3999999907,-29263458.600000005,70736541.40000017
14-06-2022 14:47,LONG,13:43,NIFTYBANK,33381.3,33235.55,14:47,2119,,-308844.25,-29572302.850000005,70427697.15000017
15-06-2022 10:43,SHORT,15:04,NIFTYBANK,33236.35,33366.25,10:43,2118,,-275128.2000000031,-29847431.05000001,70152568.95000017
15-06-2022 11:31,LONG,10:45,NIFTYBANK,33370.05,33381.65,11:31,2102,,24383.19999999694,-29823047.850000013,70176952.15000015
15-06-2022 13:31,SHORT,11:32,NIFTYBANK,33376.9,33469.85,13:31,2102,,-195380.89999999388,-30018428.750000007,69981571.25000016
15-06-2022 14:12,SHORT,13:44,NIFTYBANK,33466.05,33475.85,14:12,2091,,-20491.79999999087,-30038920.549999997,69961079.4500002
16-06-2022 09:32,SHORT,15:20,NIFTYBANK,33344.6,33681.6,09:32,2098,,-707026.0,-30745946.549999997,69254053.45000018
17-06-2022 09:54,LONG,09:47,NIFTYBANK,33619.65,32710.75,09:54,2059,,-1871425.100000003,-32617371.65,67382628.35000017
20-06-2022 13:53,SHORT,12:25,NIFTYBANK,32669.85,32647.95,13:53,2062,,45157.7999999955,-32572213.85,67427786.15000018
21-06-2022 10:10,LONG,13:54,NIFTYBANK,32637.7,33087.25,10:10,2065,,928320.7499999985,-31643893.1,68356106.90000018
22-06-2022 11:54,SHORT,10:16,NIFTYBANK,33100.4,32856.95,11:54,2065,,502724.250000009,-31141168.849999994,68858831.15000018
22-06-2022 15:10,SHORT,12:19,NIFTYBANK,32871.05,32864.05,15:10,2094,,14658.0,-31126510.849999994,68873489.1500002
23-06-2022 09:41,LONG,15:17,NIFTYBANK,32865.8,33135.4,09:41,2095,,564811.999999997,-30561698.849999998,69438301.1500002
24-06-2022 10:28,SHORT,09:59,NIFTYBANK,33345.5,33557.65,10:28,2082,,-441696.300000003,-31003395.150000002,68996604.85000022
24-06-2022 11:39,SHORT,10:38,NIFTYBANK,33562.5,33564.2,11:39,2055,,-3493.499999994019,-31006888.649999995,68993111.3500002
24-06-2022 12:26,LONG,11:40,NIFTYBANK,33563.3,33498.6,12:26,2055,,-132958.50000000896,-31139847.150000002,68860152.8500002
24-06-2022 14:59,SHORT,12:55,NIFTYBANK,33582.4,33641.4,14:59,2050,,-120950.0,-31260797.150000002,68739202.8500002
27-06-2022 10:04,SHORT,15:17,NIFTYBANK,33625.3,33963.55,10:04,2044,,-691383.0,-31952180.150000002,68047819.85000019
27-06-2022 12:13,LONG,11:32,NIFTYBANK,33923.85,33825.05,12:13,2005,,-198093.99999999124,-32150274.149999995,67849725.85000019
27-06-2022 13:26,SHORT,12:15,NIFTYBANK,33825.85,33924.95,13:26,2005,,-198695.4999999971,-32348969.64999999,67651030.3500002
28-06-2022 10:37,LONG,13:27,NIFTYBANK,33921.65,33557.3,10:37,1994,,-726513.8999999971,-33075483.54999999,66924516.4500002
28-06-2022 12:13,SHORT,11:45,NIFTYBANK,33620.65,33632.6,12:13,1990,,-23780.49999999421,-33099264.049999982,66900735.9500002
28-06-2022 12:22,LONG,12:14,NIFTYBANK,33628.65,33636.45,12:22,1989,,15514.199999991317,-33083749.84999999,66916250.15000019
28-06-2022 14:55,SHORT,12:24,NIFTYBANK,33635.85,33660.15,14:55,1989,,-48332.70000000579,-33132082.549999997,66867917.45000019
29-06-2022 10:27,LONG,09:46,NIFTYBANK,33262.65,33295.25,10:27,2010,,65525.999999997075,-33066556.55,66933443.45000019
29-06-2022 10:50,SHORT,10:28,NIFTYBANK,33295.75,33272.5,10:50,2010,,46732.5,-33019824.05,66980175.9500002
29-06-2022 11:11,LONG,10:53,NIFTYBANK,33272.3,33252.2,11:11,2013,,-40461.30000001172,-33060285.350000013,66939714.650000185
29-06-2022 12:17,SHORT,11:14,NIFTYBANK,33257.85,33316.85,12:17,2012,,-118708.0,-33178993.350000013,66821006.65000018
29-06-2022 12:45,LONG,12:18,NIFTYBANK,33316.5,33321.0,12:45,2005,,9022.5,-33169970.850000013,66830029.15000018
29-06-2022 14:04,SHORT,12:51,NIFTYBANK,33320.85,33341.85,14:04,2005,,-42105.0,-33212075.850000013,66787924.150000185
29-06-2022 14:17,LONG,14:09,NIFTYBANK,33343.1,33346.85,14:17,2003,,7511.25,-33204564.600000013,66795435.400000185
30-06-2022 11:06,SHORT,14:18,NIFTYBANK,33352.65,33423.35,11:06,2002,,-141541.39999999417,-33346106.000000007,66653894.0000002
30-06-2022 13:38,LONG,11:58,NIFTYBANK,33431.0,33504.8,13:38,1993,,147083.4000000058,-33199022.6,66800977.40000021
01-07-2022 09:51,LONG,14:47,NIFTYBANK,33474.55,33135.2,09:51,1995,,-677003.2500000116,-33876025.85000002,66123974.15000019
01-07-2022 10:58,SHORT,09:52,NIFTYBANK,33133.6,33250.65,10:58,1995,,-233514.75000000582,-34109540.600000024,65890459.400000185
01-07-2022 12:12,LONG,10:59,NIFTYBANK,33247.85,33296.35,12:12,1981,,96078.5,-34013462.100000024,65986537.900000185
04-07-2022 12:29,SHORT,12:13,NIFTYBANK,33300.7,33781.1,12:29,1981,,-951672.4000000029,-34965134.50000003,65034865.50000018
05-07-2022 11:12,SHORT,14:56,NIFTYBANK,33848.3,34261.5,11:12,1921,,-793757.1999999944,-35758891.700000025,64241108.30000019
05-07-2022 11:33,LONG,11:13,NIFTYBANK,34261.25,34299.75,11:33,1875,,72187.5,-35686704.200000025,64313295.80000019
05-07-2022 12:20,SHORT,11:34,NIFTYBANK,34294.9,34331.25,12:20,1875,,-68156.24999999726,-35754860.450000025,64245139.55000019
05-07-2022 12:38,SHORT,12:23,NIFTYBANK,34336.15,34330.2,12:38,1871,,11132.450000008168,-35743728.000000015,64256272.0000002
06-07-2022 10:17,LONG,14:17,NIFTYBANK,34085.15,34076.1,10:17,1885,,-17059.250000005486,-35760787.25000002,64239212.7500002
06-07-2022 11:08,SHORT,10:18,NIFTYBANK,34078.35,34187.65,11:08,1885,,-206030.50000000547,-35966817.75000003,64033182.25000021
06-07-2022 13:55,SHORT,11:51,NIFTYBANK,34120.55,34282.9,13:55,1876,,-304568.5999999973,-36271386.350000024,63728613.650000215
06-07-2022 15:03,LONG,13:56,NIFTYBANK,34277.75,34269.95,15:03,1859,,-14500.20000000541,-36285886.55000003,63714113.45000021
07-07-2022 09:38,SHORT,15:04,NIFTYBANK,34272.8,34633.65,09:38,1859,,-670820.1499999973,-36956706.700000025,63043293.30000021
07-07-2022 10:12,LONG,09:40,NIFTYBANK,34633.6,34621.9,10:12,1820,,-21293.999999994703,-36978000.70000002,63021999.30000021
07-07-2022 11:03,SHORT,10:22,NIFTYBANK,34622.0,34665.3,11:03,1820,,-78806.0000000053,-37056806.700000025,62943193.30000021
07-07-2022 11:47,LONG,11:07,NIFTYBANK,34672.35,34678.4,11:47,1815,,10980.750000005282,-37045825.95000002,62954174.05000021
07-07-2022 13:55,SHORT,11:52,NIFTYBANK,34669.9,34838.45,13:55,1815,,-305918.2499999921,-37351744.20000001,62648255.80000023
07-07-2022 14:40,LONG,13:56,NIFTYBANK,34835.6,34838.35,14:40,1798,,4944.5,-37346799.70000001,62653200.30000023
08-07-2022 10:58,SHORT,14:42,NIFTYBANK,34829.6,35157.05,10:58,1798,,-588755.1000000079,-37935554.80000002,62064445.20000023
08-07-2022 12:12,LONG,10:59,NIFTYBANK,35152.25,35061.15,12:12,1765,,-160791.49999999744,-38096346.30000002,61903653.70000023
08-07-2022 12:50,SHORT,12:13,NIFTYBANK,35061.7,35097.95,12:50,1765,,-63981.25,-38160327.55000002,61839672.450000234
08-07-2022 13:56,SHORT,13:11,NIFTYBANK,35098.1,35097.05,13:56,1761,,1849.0499999923122,-38158478.50000003,61841521.500000216
11-07-2022 11:14,SHORT,09:54,NIFTYBANK,35281.8,35306.0,11:14,1752,,-42398.3999999949,-38200876.90000003,61799123.10000022
11-07-2022 12:11,LONG,11:15,NIFTYBANK,35303.8,35282.75,12:11,1750,,-36837.50000000509,-38237714.400000036,61762285.60000021
11-07-2022 12:21,SHORT,12:12,NIFTYBANK,35281.4,35269.45,12:21,1750,,20912.50000000764,-38216801.90000003,61783198.10000021
11-07-2022 15:28,SHORT,12:45,NIFTYBANK,35295.35,35425.8,15:28,1750,,-228287.50000000763,-38445089.400000036,61554910.600000195
12-07-2022 10:35,LONG,09:50,NIFTYBANK,35316.05,35361.3,10:35,1742,,78825.5,-38366263.900000036,61633736.100000195
12-07-2022 11:12,SHORT,10:38,NIFTYBANK,35356.6,35341.8,11:12,1743,,25796.39999999239,-38340467.500000045,61659532.50000018
12-07-2022 11:56,LONG,11:13,NIFTYBANK,35341.7,35266.65,11:56,1744,,-130887.19999999239,-38471354.70000004,61528645.30000018
13-07-2022 09:51,SHORT,11:57,NIFTYBANK,35264.35,35233.85,09:51,1744,,53192.0,-38418162.70000004,61581837.30000018
13-07-2022 11:05,LONG,10:46,NIFTYBANK,35092.45,35069.85,11:05,1754,,-39640.39999999745,-38457803.10000004,61542196.900000185
13-07-2022 12:25,LONG,11:40,NIFTYBANK,35072.9,35073.85,12:25,1754,,1666.2999999948952,-38456136.80000004,61543863.20000018
14-07-2022 09:43,LONG,13:19,NIFTYBANK,34886.95,34920.6,09:43,1764,,59358.60000000257,-38396778.20000004,61603221.80000018
14-07-2022 10:37,SHORT,09:44,NIFTYBANK,34904.7,34869.15,10:37,1764,,62710.1999999923,-38334068.000000045,61665932.00000017
14-07-2022 11:28,SHORT,10:47,NIFTYBANK,34872.6,34815.95,11:28,1768,,100157.20000000257,-38233910.80000004,61766089.20000017
14-07-2022 12:56,LONG,11:29,NIFTYBANK,34815.35,34720.55,12:56,1774,,-168175.19999999227,-38402086.00000004,61597914.00000017
14-07-2022 13:14,SHORT,12:57,NIFTYBANK,34724.6,34712.95,13:14,1773,,20655.45000000258,-38381430.550000034,61618569.45000017
14-07-2022 15:17,LONG,13:18,NIFTYBANK,34708.15,34655.75,15:17,1775,,-93010.00000000259,-38474440.550000034,61525559.45000017
15-07-2022 09:48,SHORT,15:18,NIFTYBANK,34656.0,34640.25,09:48,1775,,27956.25,-38446484.300000034,61553515.70000017
15-07-2022 11:39,LONG,11:00,NIFTYBANK,34553.35,34564.6,11:39,1781,,20036.25,-38426448.050000034,61573551.95000017
18-07-2022 10:00,SHORT,11:41,NIFTYBANK,34565.9,34870.75,10:00,1781,,-542937.8499999974,-38969385.90000003,61030614.10000017
18-07-2022 11:08,LONG,10:10,NIFTYBANK,34880.7,34936.5,11:08,1749,,97594.20000000509,-38871791.700000025,61128208.300000176
18-07-2022 11:51,SHORT,11:10,NIFTYBANK,34941.6,34957.65,11:51,1749,,-28071.45000000509,-38899863.15000003,61100136.850000165
18-07-2022 13:17,SHORT,12:30,NIFTYBANK,35062.85,35094.75,13:17,1742,,-55569.800000002535,-38955432.95000003,61044567.05000016
18-07-2022 13:54,LONG,13:19,NIFTYBANK,35094.2,35142.9,13:54,1739,,84689.30000000758,-38870743.65000003,61129256.350000165
19-07-2022 11:40,SHORT,14:05,NIFTYBANK,35168.9,35560.45,11:40,1738,,-680513.8999999925,-39551257.55000002,60448742.45000017
19-07-2022 12:48,SHORT,12:37,NIFTYBANK,35585.15,35578.95,12:48,1698,,10527.600000007413,-39540729.95000001,60459270.050000176
20-07-2022 11:31,SHORT,13:28,NIFTYBANK,35463.0,36134.8,11:31,1704,,-1144747.2000000048,-40685477.15000001,59314522.85000017
20-07-2022 12:11,LONG,11:34,NIFTYBANK,36135.2,36107.95,12:11,1641,,-44717.25,-40730194.40000001,59269805.60000017
20-07-2022 13:01,SHORT,12:18,NIFTYBANK,36102.9,36129.0,13:01,1641,,-42830.09999999761,-40773024.50000001,59226975.50000018
20-07-2022 14:56,SHORT,13:35,NIFTYBANK,36046.15,36006.8,14:56,1643,,64652.04999999761,-40708372.45000001,59291627.550000176
21-07-2022 09:50,LONG,14:58,NIFTYBANK,36012.4,36083.1,09:50,1646,,116372.19999999521,-40592000.250000015,59407999.750000164
21-07-2022 10:36,SHORT,09:51,NIFTYBANK,36082.6,36078.95,10:36,1646,,6007.900000002395,-40585992.35000001,59414007.65000016
21-07-2022 12:31,SHORT,10:47,NIFTYBANK,36089.0,36256.5,12:31,1646,,-275705.0,-40861697.35000001,59138302.650000155
21-07-2022 13:47,SHORT,12:33,NIFTYBANK,36258.5,36136.2,13:47,1631,,199471.30000000476,-40662226.050000004,59337773.95000016
22-07-2022 10:51,SHORT,14:13,NIFTYBANK,36153.1,36491.3,10:51,1641,,-554986.2000000072,-41217212.250000015,58782787.75000016
22-07-2022 11:42,LONG,10:52,NIFTYBANK,36489.05,36479.15,11:42,1610,,-15939.000000002343,-41233151.250000015,58766848.75000015
22-07-2022 14:47,SHORT,11:43,NIFTYBANK,36481.2,36773.1,14:47,1610,,-469959.0000000023,-41703110.250000015,58296889.75000015
25-07-2022 11:32,LONG,10:15,NIFTYBANK,36672.0,36529.55,11:32,1589,,-226353.0499999954,-41929463.30000001,58070536.70000015
26-07-2022 09:43,SHORT,12:25,NIFTYBANK,36544.2,36555.6,09:43,1589,,-18114.600000002312,-41947577.90000001,58052422.10000015
26-07-2022 15:08,SHORT,10:48,NIFTYBANK,36400.3,36443.6,15:08,1594,,-69020.19999999304,-42016598.10000001,57983401.90000016
27-07-2022 10:27,LONG,15:09,NIFTYBANK,36439.75,36500.3,10:27,1591,,96335.05000000463,-41920263.050000004,58079736.95000017
27-07-2022 12:00,SHORT,10:52,NIFTYBANK,36566.05,36620.4,12:00,1588,,-86307.79999999769,-42006570.85,57993429.15000017
27-07-2022 12:46,LONG,12:02,NIFTYBANK,36616.2,36640.3,12:46,1583,,38150.300000009214,-41968420.54999999,58031579.45000018
28-07-2022 11:34,SHORT,12:47,NIFTYBANK,36634.45,37289.1,11:34,1584,,-1036965.6000000023,-43005386.14999999,56994613.85000018
28-07-2022 11:39,LONG,11:35,NIFTYBANK,37281.9,37294.8,11:39,1528,,19711.200000002224,-42985674.94999999,57014325.05000018
28-07-2022 12:03,LONG,11:40,NIFTYBANK,37288.6,37269.8,12:03,1529,,-28745.199999993325,-43014420.14999998,56985579.85000019
28-07-2022 12:27,SHORT,12:17,NIFTYBANK,37315.3,37298.5,12:27,1527,,25653.600000004444,-42988766.54999998,57011233.4500002
28-07-2022 14:29,SHORT,13:16,NIFTYBANK,37326.65,37383.65,14:29,1527,,-87039.0,-43075805.54999998,56924194.450000204
29-07-2022 09:38,SHORT,14:59,NIFTYBANK,37329.35,37617.3,09:38,1524,,-438835.8000000067,-43514641.34999999,56485358.6500002
29-07-2022 12:22,LONG,10:02,NIFTYBANK,37551.2,37508.0,12:22,1504,,-64972.79999999562,-43579614.14999998,56420385.8500002
01-08-2022 10:07,LONG,12:31,NIFTYBANK,37502.05,37547.2,10:07,1504,,67905.59999999125,-43511708.54999999,56488291.4500002
01-08-2022 13:08,SHORT,10:20,NIFTYBANK,37618.8,37807.95,13:08,1501,,-283914.1499999913,-43795622.69999998,56204377.30000021
01-08-2022 14:37,SHORT,13:49,NIFTYBANK,37835.05,37882.6,14:37,1485,,-70611.74999999351,-43866234.44999997,56133765.55000022
01-08-2022 15:24,SHORT,14:38,NIFTYBANK,37888.4,37878.8,15:24,1481,,14217.599999997845,-43852016.84999997,56147983.15000022
02-08-2022 10:49,LONG,15:25,NIFTYBANK,37875.95,37808.7,10:49,1482,,-99664.5,-43951681.34999997,56048318.65000022
02-08-2022 14:59,SHORT,10:51,NIFTYBANK,37816.45,38137.95,14:59,1482,,-476463.0,-44428144.34999997,55571855.65000022
03-08-2022 12:36,LONG,15:00,NIFTYBANK,38130.1,37805.9,12:36,1457,,-472359.3999999958,-44900503.74999997,55099496.25000023
03-08-2022 13:09,SHORT,12:37,NIFTYBANK,37801.65,37877.6,13:09,1457,,-110659.14999999576,-45011162.89999997,54988837.10000024
04-08-2022 10:21,SHORT,13:56,NIFTYBANK,37779.35,38070.6,10:21,1455,,-423768.75,-45434931.64999997,54565068.35000023
04-08-2022 12:24,LONG,10:22,NIFTYBANK,38065.35,37592.55,12:24,1433,,-677522.3999999937,-46112454.04999996,53887545.95000024
05-08-2022 11:35,SHORT,12:32,NIFTYBANK,37589.4,38077.7,11:35,1433,,-699733.8999999937,-46812187.94999995,53187812.05000025
05-08-2022 13:35,LONG,12:26,NIFTYBANK,38084.4,37963.0,13:35,1396,,-169474.40000000203,-46981662.34999995,53018337.65000025
08-08-2022 09:56,LONG,15:28,NIFTYBANK,37924.85,37936.35,09:56,1397,,16065.5,-46965596.84999995,53034403.15000025
08-08-2022 11:18,SHORT,10:02,NIFTYBANK,37936.15,38086.05,11:18,1397,,-209410.30000000203,-47175007.149999954,52824992.850000255
08-08-2022 11:41,SHORT,11:31,NIFTYBANK,38095.3,38078.7,11:41,1386,,23007.600000008068,-47151999.549999945,52848000.450000264
10-08-2022 13:03,SHORT,11:58,NIFTYBANK,38070.55,38337.8,13:03,1388,,-370943.0,-47522942.549999945,52477057.45000026
10-08-2022 14:51,LONG,13:17,NIFTYBANK,38316.05,38315.15,14:51,1369,,-1232.1000000019922,-47524174.64999995,52475825.350000255
11-08-2022 09:26,LONG,14:52,NIFTYBANK,38313.15,38681.95,09:26,1369,,504887.199999994,-47019287.44999995,52980712.55000025
11-08-2022 10:57,SHORT,09:28,NIFTYBANK,38694.35,38854.55,10:57,1369,,-219313.80000000598,-47238601.249999955,52761398.75000025
11-08-2022 11:54,LONG,11:00,NIFTYBANK,38858.5,38815.15,11:54,1357,,-58825.949999998025,-47297427.19999995,52702572.80000026
11-08-2022 12:51,SHORT,11:55,NIFTYBANK,38809.1,38880.2,12:51,1357,,-96482.69999999803,-47393909.89999995,52606090.100000255
11-08-2022 13:02,LONG,13:00,NIFTYBANK,38882.45,38883.25,13:02,1352,,1081.6000000039348,-47392828.299999945,52607171.70000026
11-08-2022 14:11,SHORT,13:49,NIFTYBANK,38884.9,38858.4,14:11,1352,,35828.0,-47357000.299999945,52642999.700000264
12-08-2022 10:34,SHORT,14:30,NIFTYBANK,38876.4,38846.65,10:34,1354,,40281.5,-47316718.799999945,52683281.200000264
12-08-2022 11:04,LONG,10:35,NIFTYBANK,38845.95,38893.9,11:04,1356,,65020.20000000592,-47251698.59999994,52748301.40000027
12-08-2022 11:48,SHORT,11:05,NIFTYBANK,38891.65,38976.05,11:48,1356,,-114446.40000000197,-47366144.99999994,52633855.00000026
12-08-2022 12:05,LONG,11:49,NIFTYBANK,38970.95,38970.25,12:05,1350,,-944.999999996071,-47367089.99999993,52632910.00000027
12-08-2022 12:30,SHORT,12:15,NIFTYBANK,38987.75,39009.55,12:30,1349,,-29408.200000003926,-47396498.199999936,52603501.800000265
12-08-2022 13:05,SHORT,12:36,NIFTYBANK,39016.6,39035.25,13:05,1348,,-25140.20000000196,-47421638.39999994,52578361.60000026
12-08-2022 13:17,SHORT,13:14,NIFTYBANK,39019.5,39015.7,13:17,1347,,5118.60000000392,-47416519.79999994,52583480.200000264
12-08-2022 13:27,LONG,13:18,NIFTYBANK,39015.15,39008.3,13:27,1347,,-9226.94999999804,-47425746.74999993,52574253.25000026
12-08-2022 14:15,SHORT,13:28,NIFTYBANK,39006.2,39027.65,14:15,1347,,-28893.15000000588,-47454639.89999994,52545360.100000255
12-08-2022 14:55,LONG,14:33,NIFTYBANK,38988.8,38984.8,14:55,1347,,-5388.0,-47460027.89999994,52539972.100000255
16-08-2022 10:00,SHORT,14:59,NIFTYBANK,38985.3,39384.1,10:00,1347,,-537183.5999999942,-47997211.49999993,52002788.50000026
16-08-2022 11:08,SHORT,10:31,NIFTYBANK,39344.9,39362.75,11:08,1321,,-23579.849999998078,-48020791.349999934,51979208.65000026
16-08-2022 12:05,LONG,11:31,NIFTYBANK,39270.05,39240.75,12:05,1323,,-38763.90000000385,-48059555.24999994,51940444.75000025
16-08-2022 12:38,SHORT,12:06,NIFTYBANK,39239.25,39263.2,12:38,1323,,-31685.84999999615,-48091241.099999934,51908758.90000026
16-08-2022 12:57,LONG,12:39,NIFTYBANK,39254.9,39256.2,12:57,1322,,1718.5999999942287,-48089522.49999994,51910477.50000025
16-08-2022 13:34,LONG,12:58,NIFTYBANK,39248.35,39153.7,13:34,1322,,-125127.30000000192,-48214649.799999945,51785350.20000026
17-08-2022 12:34,SHORT,13:35,NIFTYBANK,39152.95,39325.75,12:34,1322,,-228441.60000000385,-48443091.39999995,51556908.60000026
17-08-2022 13:25,SHORT,12:35,NIFTYBANK,39330.55,39363.85,13:25,1310,,-43622.99999999428,-48486714.39999994,51513285.60000026
17-08-2022 13:35,SHORT,13:30,NIFTYBANK,39371.75,39360.75,13:35,1308,,14388.0,-48472326.39999994,51527673.60000026
17-08-2022 13:55,LONG,13:39,NIFTYBANK,39365.35,39333.9,13:55,1308,,-41136.59999999619,-48513462.99999993,51486537.00000027
17-08-2022 15:13,SHORT,13:57,NIFTYBANK,39333.9,39472.25,15:13,1308,,-180961.7999999981,-48694424.79999993,51305575.20000027
19-08-2022 10:40,SHORT,10:46,NIFTYBANK,39543.3,39530.95,10:40,1297,,16017.95000000755,-48678406.84999992,51321593.15000028
19-08-2022 14:38,LONG,10:47,NIFTYBANK,39543.55,39011.45,14:38,1297,,-690133.7000000075,-49368540.54999993,50631459.45000028
19-08-2022 15:02,SHORT,14:39,NIFTYBANK,39014.5,39017.15,15:02,1297,,-3437.0500000018874,-49371977.599999934,50628022.40000028
22-08-2022 11:40,LONG,15:03,NIFTYBANK,39007.4,38338.6,11:40,1297,,-867433.6000000038,-50239411.199999936,49760588.80000027
22-08-2022 12:54,SHORT,11:44,NIFTYBANK,38339.2,38390.2,12:54,1297,,-66147.0,-50305558.199999936,49694441.80000027
22-08-2022 13:44,LONG,13:09,NIFTYBANK,38333.8,38294.55,13:44,1296,,-50868.0,-50356426.199999936,49643573.80000027
23-08-2022 12:13,SHORT,13:45,NIFTYBANK,38304.6,38274.5,12:13,1296,,39009.599999998114,-50317416.599999934,49682583.400000274
24-08-2022 13:12,SHORT,13:01,NIFTYBANK,38390.15,38714.1,13:12,1294,,-419191.2999999962,-50736607.89999993,49263392.10000027
24-08-2022 14:12,LONG,13:14,NIFTYBANK,38715.1,38822.65,14:12,1272,,136803.6000000037,-50599804.29999993,49400195.70000028
25-08-2022 11:17,SHORT,14:26,NIFTYBANK,38824.05,39343.35,11:17,1272,,-660549.5999999945,-51260353.899999924,48739646.100000285
25-08-2022 14:16,SHORT,11:58,NIFTYBANK,39390.95,39390.4,14:16,1237,,680.3499999945998,-51259673.54999993,48740326.45000028
30-08-2022 10:29,SHORT,09:27,NIFTYBANK,39216.55,38741.05,10:29,1242,,590571.0,-50669102.54999993,49330897.45000028
30-08-2022 11:27,SHORT,10:35,NIFTYBANK,38745.85,38881.55,11:27,1273,,-172746.10000000556,-50841848.64999994,49158151.35000026
30-08-2022 11:51,LONG,11:31,NIFTYBANK,38872.45,38894.8,11:51,1264,,28250.400000007357,-50813598.24999993,49186401.75000027
02-09-2022 10:08,SHORT,11:52,NIFTYBANK,38893.9,39286.65,10:08,1264,,-496436.0,-51310034.24999993,48689965.75000026
02-09-2022 13:32,SHORT,11:53,NIFTYBANK,39297.75,39471.45,13:32,1239,,-215214.29999999638,-51525248.54999993,48474751.45000027
05-09-2022 11:11,SHORT,13:55,NIFTYBANK,39447.85,39754.0,11:11,1228,,-375952.2000000018,-51901200.74999993,48098799.25000027
05-09-2022 11:51,LONG,11:12,NIFTYBANK,39754.0,39748.0,11:51,1209,,-7254.0,-51908454.74999993,48091545.25000027
05-09-2022 13:06,SHORT,11:53,NIFTYBANK,39747.0,39818.9,13:06,1209,,-86927.10000000175,-51995381.849999934,48004618.15000027
05-09-2022 14:08,LONG,13:08,NIFTYBANK,39813.75,39826.6,14:08,1205,,15484.249999998246,-51979897.599999934,48020102.40000027
05-09-2022 14:19,SHORT,14:09,NIFTYBANK,39817.75,39816.1,14:19,1205,,1988.2500000017535,-51977909.349999934,48022090.650000274
06-09-2022 09:50,SHORT,14:55,NIFTYBANK,39809.5,39830.6,09:50,1206,,-25446.599999998245,-52003355.949999936,47996644.05000027
06-09-2022 10:52,LONG,10:02,NIFTYBANK,39835.55,39667.4,10:52,1204,,-202452.60000000175,-52205808.54999994,47794191.45000027
06-09-2022 13:16,SHORT,12:09,NIFTYBANK,39921.95,39885.85,13:16,1197,,43211.69999999826,-52162596.84999994,47837403.15000027
06-09-2022 14:02,LONG,13:19,NIFTYBANK,39873.1,39846.4,14:02,1199,,-32013.29999999651,-52194610.14999994,47805389.85000027
06-09-2022 14:12,SHORT,14:04,NIFTYBANK,39843.45,39836.7,14:12,1199,,8093.25,-52186516.89999994,47813483.10000028
07-09-2022 10:32,SHORT,10:20,NIFTYBANK,39438.3,39429.4,10:32,1212,,10786.800000001764,-52175730.099999934,47824269.90000028
07-09-2022 11:40,LONG,10:48,NIFTYBANK,39428.6,39407.05,11:40,1212,,-26118.59999999471,-52201848.69999993,47798151.30000029
07-09-2022 12:36,SHORT,11:41,NIFTYBANK,39412.8,39494.75,12:36,1212,,-99323.39999999647,-52301172.09999993,47698827.90000029
07-09-2022 13:11,LONG,12:37,NIFTYBANK,39493.95,39502.45,13:11,1207,,10259.5,-52290912.59999993,47709087.40000029
07-09-2022 14:47,SHORT,13:12,NIFTYBANK,39495.85,39431.8,14:47,1207,,77308.34999999474,-52213604.24999993,47786395.75000029
08-09-2022 10:40,SHORT,15:09,NIFTYBANK,39442.25,39924.25,10:40,1211,,-583702.0,-52797306.24999993,47202693.7500003
08-09-2022 10:56,LONG,10:41,NIFTYBANK,39920.5,39900.2,10:56,1182,,-23994.60000000344,-52821300.849999934,47178699.1500003
09-09-2022 11:00,SHORT,10:57,NIFTYBANK,39904.75,40608.1,11:00,1182,,-831359.6999999983,-53652660.54999993,46347339.45000031
09-09-2022 14:48,LONG,11:03,NIFTYBANK,40607.55,40393.6,14:48,1141,,-244116.950000005,-53896777.49999993,46103222.500000305
12-09-2022 10:43,SHORT,14:49,NIFTYBANK,40395.35,40593.05,10:43,1141,,-225575.700000005,-54122353.199999936,45877646.8000003
12-09-2022 11:35,LONG,10:45,NIFTYBANK,40581.85,40630.9,11:35,1130,,55426.50000000329,-54066926.699999936,45933073.3000003
12-09-2022 11:58,SHORT,11:38,NIFTYBANK,40633.55,40633.55,11:58,1130,,0.0,-54066926.699999936,45933073.30000031
12-09-2022 12:07,SHORT,12:04,NIFTYBANK,40643.95,40638.3,12:07,1130,,6384.4999999934225,-54060542.19999994,45939457.80000031
12-09-2022 12:31,LONG,12:09,NIFTYBANK,40635.7,40629.85,12:31,1130,,-6610.499999998356,-54067152.69999994,45932847.30000031
12-09-2022 12:55,SHORT,12:33,NIFTYBANK,40633.3,40637.1,12:55,1130,,-4293.999999995067,-54071446.699999936,45928553.30000031
12-09-2022 13:14,LONG,12:56,NIFTYBANK,40635.45,40613.55,13:14,1130,,-24746.999999993423,-54096193.69999993,45903806.30000031
12-09-2022 13:17,LONG,13:15,NIFTYBANK,40600.0,40613.4,13:17,1130,,15142.000000001644,-54081051.69999993,45918948.30000031
12-09-2022 13:40,LONG,13:19,NIFTYBANK,40610.0,40580.7,13:40,1130,,-33109.00000000329,-54114160.69999993,45885839.30000031
12-09-2022 13:49,SHORT,13:47,NIFTYBANK,40580.8,40574.4,13:49,1130,,7232.000000001644,-54106928.69999993,45893071.30000031
12-09-2022 14:59,SHORT,14:47,NIFTYBANK,40572.85,40594.85,14:59,1131,,-24882.0,-54131810.69999993,45868189.3000003
12-09-2022 15:02,SHORT,15:00,NIFTYBANK,40597.15,40595.3,15:02,1129,,2088.649999998357,-54129722.04999993,45870277.9500003
13-09-2022 09:50,LONG,15:09,NIFTYBANK,40593.35,40792.25,09:50,1129,,224558.10000000164,-53905163.94999993,46094836.0500003
13-09-2022 11:10,SHORT,09:52,NIFTYBANK,40788.5,40768.8,11:10,1130,,22260.99999999671,-53882902.94999993,46117097.05000031
13-09-2022 11:52,LONG,11:12,NIFTYBANK,40765.2,40738.25,11:52,1131,,-30480.44999999671,-53913383.399999924,46086616.600000314
13-09-2022 12:37,SHORT,12:03,NIFTYBANK,40766.3,40776.6,12:37,1130,,-11638.999999995067,-53925022.39999992,46074977.60000032
13-09-2022 13:28,SHORT,12:46,NIFTYBANK,40754.2,40768.55,13:28,1130,,-16215.500000006577,-53941237.899999924,46058762.10000032
13-09-2022 13:31,SHORT,13:30,NIFTYBANK,40771.65,40768.55,13:31,1129,,3499.899999998357,-53937737.999999925,46062262.00000031
13-09-2022 13:34,LONG,13:32,NIFTYBANK,40763.2,40772.15,13:34,1129,,10104.550000004929,-53927633.44999992,46072366.55000032
13-09-2022 13:36,SHORT,13:35,NIFTYBANK,40771.6,40770.55,13:36,1130,,1186.499999995067,-53926446.94999993,46073553.05000031
13-09-2022 15:22,SHORT,13:39,NIFTYBANK,40772.95,40862.3,15:22,1130,,-100965.50000000658,-54027412.449999936,45972587.55000031
14-09-2022 09:42,LONG,15:23,NIFTYBANK,40861.15,40766.2,09:42,1125,,-106818.75000000492,-54134231.19999994,45865768.80000031
15-09-2022 12:03,SHORT,10:13,NIFTYBANK,40795.15,41242.5,12:03,1124,,-502821.3999999984,-54637052.59999994,45362947.400000304
15-09-2022 15:18,SHORT,14:06,NIFTYBANK,41303.7,41213.7,15:18,1098,,98820.0,-54538232.59999994,45461767.400000304
16-09-2022 12:48,SHORT,10:46,NIFTYBANK,41005.85,41035.8,12:48,1108,,-33184.60000000484,-54571417.19999994,45428582.800000295
16-09-2022 15:19,LONG,13:00,NIFTYBANK,40985.9,40784.45,15:19,1108,,-223206.60000000484,-54794623.799999945,45205376.200000286
19-09-2022 11:46,SHORT,09:41,NIFTYBANK,40865.05,41065.25,11:46,1106,,-221421.19999999678,-55016044.99999994,44983955.0000003
19-09-2022 12:11,LONG,11:47,NIFTYBANK,41059.7,41084.3,12:11,1095,,26937.000000006374,-54989107.99999993,45010892.0000003
19-09-2022 12:50,SHORT,12:13,NIFTYBANK,41073.05,41034.35,12:50,1095,,42376.50000000478,-54946731.499999925,45053268.5000003
19-09-2022 14:20,SHORT,13:44,NIFTYBANK,40960.2,40947.9,14:20,1099,,13517.699999995202,-54933213.79999993,45066786.20000029
20-09-2022 09:29,LONG,14:21,NIFTYBANK,40935.8,41405.8,09:29,1100,,517000.0,-54416213.79999993,45583786.20000029
20-09-2022 12:50,SHORT,09:32,NIFTYBANK,41412.15,41632.3,12:50,1100,,-242165.0000000016,-54658378.79999993,45341621.200000286
21-09-2022 11:05,SHORT,10:20,NIFTYBANK,41248.25,41330.45,11:05,1099,,-90337.7999999968,-54748716.59999993,45251283.40000029
22-09-2022 10:55,LONG,11:06,NIFTYBANK,41324.5,40755.6,10:55,1095,,-622945.5000000016,-55371662.09999993,44628337.90000029
22-09-2022 13:27,LONG,11:52,NIFTYBANK,40652.5,40651.6,13:27,1097,,-987.3000000015963,-55372649.39999993,44627350.600000285
23-09-2022 13:53,SHORT,13:28,NIFTYBANK,40642.9,39549.3,13:53,1098,,1200772.7999999984,-54171876.599999934,45828123.400000274
23-09-2022 14:47,LONG,14:01,NIFTYBANK,39549.15,39488.25,14:47,1158,,-70522.20000000169,-54242398.79999994,45757601.20000027
26-09-2022 13:56,SHORT,14:48,NIFTYBANK,39472.15,38686.1,13:56,1159,,911031.9500000033,-53331366.849999934,46668633.15000028
29-09-2022 12:21,LONG,13:58,NIFTYBANK,38684.05,37754.65,12:21,1206,,-1120856.4000000018,-54452223.24999993,45547776.750000276
03-10-2022 11:59,SHORT,14:21,NIFTYBANK,37629.25,38259.3,11:59,1210,,-762360.5000000035,-55214583.74999993,44785416.25000027
04-10-2022 09:42,LONG,12:00,NIFTYBANK,38243.7,38991.95,09:42,1171,,876200.75,-54338382.99999993,45661617.00000027
04-10-2022 10:26,SHORT,09:43,NIFTYBANK,38979.75,39019.05,10:26,1171,,-46020.30000000341,-54384403.29999994,45615596.700000264
06-10-2022 10:44,SHORT,11:49,NIFTYBANK,38970.05,39423.65,10:44,1170,,-530711.9999999983,-54915115.29999994,45084884.70000026
06-10-2022 13:34,LONG,10:45,NIFTYBANK,39422.1,39560.4,13:34,1143,,158076.90000000334,-54757038.39999993,45242961.60000026
06-10-2022 15:16,SHORT,13:35,NIFTYBANK,39559.2,39280.45,15:16,1143,,318611.25,-54438427.14999993,45561572.85000026
07-10-2022 12:23,LONG,12:18,NIFTYBANK,38840.55,38845.25,12:23,1173,,5513.099999996586,-54432914.04999994,45567085.95000026
13-10-2022 11:02,SHORT,12:24,NIFTYBANK,38848.2,38701.5,11:02,1172,,171932.3999999966,-54260981.64999994,45739018.35000026
13-10-2022 13:07,LONG,11:03,NIFTYBANK,38700.3,38643.7,13:07,1181,,-66844.60000000687,-54327826.24999995,45672173.75000025
14-10-2022 09:47,SHORT,14:37,NIFTYBANK,38757.3,39400.35,09:47,1178,,-757512.8999999949,-55085339.14999995,44914660.85000026
14-10-2022 10:55,LONG,10:19,NIFTYBANK,39384.05,39259.85,10:55,1140,,-141588.00000000498,-55226927.149999954,44773072.85000026
14-10-2022 12:39,SHORT,10:56,NIFTYBANK,39266.8,39459.8,12:39,1140,,-220020.0,-55446947.149999954,44553052.85000026
14-10-2022 13:34,LONG,12:44,NIFTYBANK,39466.35,39452.75,13:34,1128,,-15340.799999998359,-55462287.94999995,44537712.050000265
18-10-2022 11:07,SHORT,13:36,NIFTYBANK,39452.0,40280.75,11:07,1128,,-934830.0,-56397117.94999995,43602882.050000265
18-10-2022 11:54,LONG,11:08,NIFTYBANK,40280.55,40261.55,11:54,1082,,-20558.0,-56417675.94999995,43582324.050000265
18-10-2022 12:33,SHORT,11:56,NIFTYBANK,40267.2,40332.9,12:33,1082,,-71087.40000000472,-56488763.34999996,43511236.65000025
19-10-2022 10:56,SHORT,14:51,NIFTYBANK,40276.05,40535.15,10:56,1080,,-279827.9999999984,-56768591.34999996,43231408.650000244
19-10-2022 15:14,LONG,10:58,NIFTYBANK,40539.65,40359.6,15:14,1066,,-191933.3000000031,-56960524.64999996,43039475.35000025
20-10-2022 13:05,SHORT,15:15,NIFTYBANK,40353.95,39994.85,13:05,1066,,382800.59999999846,-56577724.04999996,43422275.95000025
20-10-2022 14:11,LONG,13:33,NIFTYBANK,39963.05,39928.4,14:11,1086,,-37629.90000000158,-56615353.94999996,43384646.05000024
21-10-2022 12:33,SHORT,15:24,NIFTYBANK,40132.85,40850.3,12:33,1081,,-775563.4500000047,-57390917.39999996,42609082.60000024
24-10-2022 18:28,LONG,13:34,NIFTYBANK,40967.75,41275.55,18:28,1040,,320112.000000003,-57070805.39999996,42929194.60000024
25-10-2022 10:29,SHORT,18:29,NIFTYBANK,41271.0,41213.6,10:29,1040,,59696.00000000151,-57011109.39999996,42988890.60000023
25-10-2022 13:31,LONG,10:30,NIFTYBANK,41209.95,41198.25,13:31,1043,,-12203.099999996964,-57023312.499999955,42976687.50000024
27-10-2022 10:58,SHORT,13:32,NIFTYBANK,41206.25,41331.6,10:58,1042,,-130614.69999999848,-57153927.19999995,42846072.80000024
28-10-2022 10:09,LONG,10:59,NIFTYBANK,41331.3,41254.3,10:09,1036,,-79772.0,-57233699.19999995,42766300.80000024
28-10-2022 13:14,LONG,11:36,NIFTYBANK,41059.9,40938.4,13:14,1041,,-126481.5,-57360180.69999995,42639819.30000024
31-10-2022 13:41,SHORT,14:11,NIFTYBANK,40876.6,41286.1,13:41,1043,,-427108.5,-57787289.19999995,42212710.800000235
31-10-2022 14:29,LONG,13:56,NIFTYBANK,41269.75,41259.85,14:29,1022,,-10117.800000001487,-57797406.999999955,42202593.00000023
01-11-2022 11:47,SHORT,14:31,NIFTYBANK,41259.35,41608.25,11:47,1022,,-356575.8000000015,-58153982.79999996,41846017.20000023
01-11-2022 13:40,LONG,11:50,NIFTYBANK,41610.45,41361.15,13:40,1005,,-250546.4999999956,-58404529.29999995,41595470.70000023
02-11-2022 12:37,SHORT,14:11,NIFTYBANK,41318.5,41252.35,12:37,1006,,66546.90000000146,-58337982.399999954,41662017.600000225
02-11-2022 13:15,LONG,12:40,NIFTYBANK,41241.75,41168.25,13:15,1010,,-74235.0,-58412217.399999954,41587782.600000225
02-11-2022 14:30,LONG,14:09,NIFTYBANK,41078.95,41110.65,14:30,1012,,32080.400000004418,-58380136.99999995,41619863.00000023
03-11-2022 10:42,SHORT,14:31,NIFTYBANK,41110.15,41363.65,10:42,1012,,-256542.0,-58636678.99999995,41363321.00000023
03-11-2022 13:29,LONG,10:53,NIFTYBANK,41354.65,41357.65,13:29,1000,,3000.0,-58633678.99999995,41366321.00000023
04-11-2022 10:06,SHORT,13:35,NIFTYBANK,41364.95,41239.75,10:06,1000,,125199.99999999709,-58508478.99999995,41491521.00000024
04-11-2022 10:56,LONG,10:07,NIFTYBANK,41237.05,41137.2,10:56,1006,,-100449.10000000586,-58608928.09999996,41391071.90000023
04-11-2022 11:39,SHORT,10:58,NIFTYBANK,41143.65,41168.35,11:39,1006,,-24848.199999997072,-58633776.29999995,41366223.70000022
04-11-2022 13:11,LONG,11:50,NIFTYBANK,41160.85,41171.4,13:11,1004,,10592.200000002922,-58623184.09999995,41376815.90000022
04-11-2022 13:36,SHORT,13:12,NIFTYBANK,41170.95,41185.75,13:36,1005,,-14874.000000002925,-58638058.09999995,41361941.900000215
04-11-2022 14:22,LONG,13:38,NIFTYBANK,41182.9,41108.8,14:22,1004,,-74396.39999999854,-58712454.49999995,41287545.500000216
07-11-2022 09:28,SHORT,14:38,NIFTYBANK,41130.95,41699.35,09:28,1003,,-570105.2000000015,-59282559.69999995,40717440.300000206
07-11-2022 12:13,LONG,10:26,NIFTYBANK,41603.4,41464.35,12:13,978,,-135990.90000000285,-59418550.59999996,40581449.4000002
07-11-2022 13:20,SHORT,12:58,NIFTYBANK,41484.9,41486.15,13:20,978,,-1222.5,-59419773.09999996,40580226.9000002
07-11-2022 13:45,LONG,13:36,NIFTYBANK,41391.25,41394.2,13:45,980,,2890.999999997148,-59416882.09999996,40583117.9000002
09-11-2022 11:03,SHORT,14:12,NIFTYBANK,41449.7,41790.95,11:03,979,,-334083.75,-59750965.84999996,40249034.1500002
09-11-2022 11:21,LONG,11:04,NIFTYBANK,41787.15,41797.45,11:21,963,,9918.899999995796,-59741046.94999996,40258953.05000019
09-11-2022 14:28,SHORT,11:22,NIFTYBANK,41797.75,41886.3,14:28,963,,-85273.6500000028,-59826320.599999964,40173679.400000185
10-11-2022 11:19,SHORT,10:10,NIFTYBANK,41532.25,41459.6,11:19,967,,70252.55000000141,-59756068.04999996,40243931.95000019
10-11-2022 13:15,LONG,11:20,NIFTYBANK,41458.85,41378.85,13:15,970,,-77600.0,-59833668.04999996,40166331.95000019
11-11-2022 10:13,SHORT,13:16,NIFTYBANK,41371.25,42052.25,10:13,970,,-660570.0,-60494238.04999996,39505761.9500002
11-11-2022 10:45,LONG,10:17,NIFTYBANK,42062.25,41979.1,10:45,939,,-78077.85000000137,-60572315.89999996,39427684.100000195
11-11-2022 15:02,SHORT,11:25,NIFTYBANK,42098.2,42187.75,15:02,936,,-83818.80000000272,-60656134.699999966,39343865.30000019
14-11-2022 11:49,LONG,15:08,NIFTYBANK,42181.2,42021.5,11:49,932,,-148840.3999999973,-60804975.099999964,39195024.90000019
14-11-2022 12:45,SHORT,11:50,NIFTYBANK,42025.0,42010.1,12:45,932,,13886.800000001356,-60791088.29999996,39208911.70000019
14-11-2022 13:13,LONG,12:48,NIFTYBANK,42013.25,42072.35,13:13,933,,55140.29999999864,-60735947.99999996,39264052.000000186
14-11-2022 14:46,SHORT,13:14,NIFTYBANK,42063.9,42158.85,14:46,933,,-88588.34999999728,-60824536.34999996,39175463.6500002
15-11-2022 10:16,LONG,14:47,NIFTYBANK,42145.15,42210.7,10:16,929,,60895.949999995944,-60763640.39999996,39236359.600000195
15-11-2022 10:35,SHORT,10:17,NIFTYBANK,42204.9,42201.3,10:35,929,,3344.399999998648,-60760295.99999996,39239704.00000019
15-11-2022 12:36,LONG,11:13,NIFTYBANK,42158.25,42170.3,12:36,930,,11206.500000002707,-60749089.49999996,39250910.50000019
15-11-2022 13:25,SHORT,12:37,NIFTYBANK,42175.2,42215.4,13:25,930,,-37386.00000000406,-60786475.49999997,39213524.50000019
15-11-2022 14:14,LONG,13:27,NIFTYBANK,42212.5,42172.3,14:14,928,,-37305.5999999973,-60823781.099999964,39176218.9000002
16-11-2022 11:53,SHORT,14:16,NIFTYBANK,42168.3,42469.2,11:53,929,,-279536.0999999946,-61103317.19999996,38896682.800000206
16-11-2022 13:03,LONG,11:54,NIFTYBANK,42469.15,42515.55,13:03,915,,42456.00000000133,-61060861.19999996,38939138.800000206
16-11-2022 13:15,SHORT,13:05,NIFTYBANK,42517.4,42508.25,13:15,915,,8372.250000001332,-61052488.94999996,38947511.050000206
17-11-2022 09:29,LONG,13:17,NIFTYBANK,42503.8,42477.65,09:29,916,,-23953.400000001333,-61076442.34999996,38923557.6500002
17-11-2022 10:50,LONG,10:17,NIFTYBANK,42469.4,42463.35,10:50,916,,-5541.800000002666,-61081984.14999996,38918015.8500002
17-11-2022 11:41,LONG,11:08,NIFTYBANK,42438.9,42437.4,11:41,917,,-1375.5,-61083359.64999996,38916640.3500002
17-11-2022 13:08,SHORT,11:42,NIFTYBANK,42437.15,42515.8,13:08,917,,-72122.05000000133,-61155481.699999966,38844518.30000021
17-11-2022 13:59,SHORT,13:14,NIFTYBANK,42518.95,42518.5,13:59,913,,410.8499999973428,-61155070.84999997,38844929.150000215
18-11-2022 10:20,SHORT,14:26,NIFTYBANK,42548.0,42463.6,10:20,912,,76972.80000000133,-61078098.04999997,38921901.95000022
18-11-2022 11:32,LONG,10:26,NIFTYBANK,42466.15,42314.0,11:32,916,,-139369.40000000133,-61217467.449999966,38782532.55000022
18-11-2022 13:09,SHORT,12:13,NIFTYBANK,42350.5,42328.3,13:09,915,,20312.999999997337,-61197154.449999966,38802845.55000022
18-11-2022 13:18,LONG,13:10,NIFTYBANK,42327.05,42340.1,13:18,916,,11953.799999996001,-61185200.64999997,38814799.35000022
21-11-2022 12:09,SHORT,13:19,NIFTYBANK,42334.35,42275.1,12:09,916,,54273.0,-61130927.64999997,38869072.350000225
21-11-2022 12:31,LONG,12:20,NIFTYBANK,42265.65,42259.7,12:31,919,,-5468.050000004012,-61136395.69999997,38863604.30000022
21-11-2022 12:34,LONG,12:33,NIFTYBANK,42252.9,42259.55,12:34,919,,6111.350000001337,-61130284.34999997,38869715.65000022
21-11-2022 12:43,LONG,12:37,NIFTYBANK,42258.35,42262.05,12:43,919,,3400.300000004012,-61126884.04999997,38873115.95000023
21-11-2022 14:16,SHORT,12:44,NIFTYBANK,42261.7,42294.5,14:16,919,,-30143.200000002675,-61157027.24999997,38842972.75000022
21-11-2022 15:01,LONG,14:17,NIFTYBANK,42284.25,42311.25,15:01,918,,24786.0,-61132241.24999997,38867758.75000022
22-11-2022 09:59,SHORT,15:02,NIFTYBANK,42304.45,42388.8,09:59,918,,-77433.30000000534,-61209674.549999975,38790325.45000021
22-11-2022 10:21,LONG,10:02,NIFTYBANK,42396.35,42390.5,10:21,914,,-5346.89999999867,-61215021.44999997,38784978.55000021
22-11-2022 10:38,SHORT,10:22,NIFTYBANK,42392.7,42384.8,10:38,914,,7220.59999999468,-61207800.84999998,38792199.1500002
22-11-2022 10:40,LONG,10:39,NIFTYBANK,42384.15,42388.0,10:40,915,,3522.7499999986685,-61204278.09999998,38795721.9000002
22-11-2022 10:54,SHORT,10:42,NIFTYBANK,42392.45,42384.55,10:54,915,,7228.499999994674,-61197049.59999999,38802950.4000002
22-11-2022 11:13,LONG,10:57,NIFTYBANK,42383.5,42370.1,11:13,915,,-12261.000000001332,-61209310.59999999,38790689.4000002
22-11-2022 11:20,SHORT,11:18,NIFTYBANK,42370.95,42367.5,11:20,915,,3156.749999997337,-61206153.84999999,38793846.1500002
22-11-2022 11:25,SHORT,11:21,NIFTYBANK,42373.45,42364.85,11:25,915,,7868.9999999986685,-61198284.84999999,38801715.1500002
22-11-2022 11:46,SHORT,11:27,NIFTYBANK,42375.65,42386.05,11:46,915,,-9516.000000001332,-61207800.84999999,38792199.1500002
22-11-2022 11:48,LONG,11:47,NIFTYBANK,42385.95,42387.6,11:48,915,,1509.7500000013315,-61206291.09999999,38793708.9000002
22-11-2022 12:32,SHORT,11:49,NIFTYBANK,42391.65,42426.55,12:32,915,,-31933.50000000133,-61238224.59999999,38761775.4000002
22-11-2022 12:34,LONG,12:33,NIFTYBANK,42425.6,42433.4,12:34,913,,7121.400000002657,-61231103.19999998,38768896.800000206
22-11-2022 12:56,LONG,12:36,NIFTYBANK,42425.75,42416.95,12:56,913,,-8034.400000002657,-61239137.59999999,38760862.4000002
22-11-2022 13:10,SHORT,13:03,NIFTYBANK,42419.9,42420.05,13:10,913,,-136.9500000013286,-61239274.54999999,38760725.4500002
22-11-2022 13:13,SHORT,13:11,NIFTYBANK,42421.8,42419.7,13:13,913,,1917.3000000053144,-61237357.249999985,38762642.75000021
22-11-2022 13:31,SHORT,13:24,NIFTYBANK,42426.75,42425.95,13:31,913,,730.4000000026572,-61236626.84999998,38763373.150000215
22-11-2022 13:45,LONG,13:32,NIFTYBANK,42421.25,42428.5,13:45,913,,6619.25,-61230007.59999998,38769992.400000215
22-11-2022 14:19,LONG,13:46,NIFTYBANK,42425.1,42430.05,14:19,913,,4519.350000003986,-61225488.24999998,38774511.75000022
22-11-2022 14:21,LONG,14:20,NIFTYBANK,42423.0,42428.3,14:21,913,,4838.900000002657,-61220649.34999997,38779350.65000023
22-11-2022 14:48,LONG,14:26,NIFTYBANK,42423.3,42397.1,14:48,914,,-23946.80000000399,-61244596.149999976,38755403.850000225
23-11-2022 10:02,SHORT,14:49,NIFTYBANK,42399.7,42658.7,10:02,914,,-236726.0,-61481322.149999976,38518677.85000022
23-11-2022 10:07,SHORT,10:03,NIFTYBANK,42660.05,42656.05,10:07,902,,3608.0,-61477714.149999976,38522285.850000225
23-11-2022 10:12,SHORT,10:09,NIFTYBANK,42660.2,42658.45,10:12,903,,1580.25,-61476133.899999976,38523866.10000023
23-11-2022 10:18,SHORT,10:13,NIFTYBANK,42659.0,42655.5,10:18,903,,3160.5,-61472973.399999976,38527026.60000023
23-11-2022 10:23,SHORT,10:19,NIFTYBANK,42660.7,42656.75,10:23,903,,3566.849999997372,-61469406.54999998,38530593.45000023
23-11-2022 10:31,SHORT,10:24,NIFTYBANK,42659.55,42656.3,10:31,903,,2934.75,-61466471.79999998,38533528.20000023
23-11-2022 10:34,SHORT,10:32,NIFTYBANK,42661.15,42654.25,10:34,903,,6230.700000001314,-61460241.09999998,38539758.90000023
23-11-2022 11:13,SHORT,10:35,NIFTYBANK,42659.1,42669.2,11:13,903,,-9120.299999998686,-61469361.399999976,38530638.60000023
23-11-2022 11:19,SHORT,11:14,NIFTYBANK,42673.45,42670.65,11:19,902,,2525.5999999960623,-61466835.79999998,38533164.200000234
23-11-2022 11:29,LONG,11:20,NIFTYBANK,42669.6,42666.5,11:29,903,,-2799.299999998686,-61469635.09999998,38530364.90000024
23-11-2022 11:31,LONG,11:30,NIFTYBANK,42654.95,42661.35,11:31,903,,5779.200000001314,-61463855.899999976,38536144.10000024
23-11-2022 11:33,LONG,11:32,NIFTYBANK,42659.2,42663.6,11:33,903,,3973.200000001314,-61459882.69999997,38540117.30000024
23-11-2022 11:37,SHORT,11:34,NIFTYBANK,42663.95,42659.5,11:37,903,,4018.349999997372,-61455864.34999998,38544135.650000244
23-11-2022 11:39,SHORT,11:38,NIFTYBANK,42662.55,42656.5,11:39,903,,5463.150000002628,-61450401.19999997,38549598.80000025
23-11-2022 11:44,SHORT,11:40,NIFTYBANK,42660.4,42658.45,11:44,903,,1760.8500000039421,-61448640.34999997,38551359.65000026
23-11-2022 11:49,LONG,11:45,NIFTYBANK,42654.0,42662.25,11:49,903,,7449.75,-61441190.59999997,38558809.40000026
23-11-2022 11:54,SHORT,11:50,NIFTYBANK,42664.15,42657.5,11:54,903,,6004.950000001314,-61435185.64999997,38564814.35000026
23-11-2022 11:56,SHORT,11:55,NIFTYBANK,42660.2,42659.3,11:56,903,,812.6999999947438,-61434372.94999997,38565627.05000025
23-11-2022 12:05,SHORT,12:00,NIFTYBANK,42660.75,42663.45,12:05,904,,-2440.799999997369,-61436813.74999997,38563186.25000025
23-11-2022 12:08,SHORT,12:06,NIFTYBANK,42668.75,42662.65,12:08,903,,5508.299999998686,-61431305.44999997,38568694.55000025
23-11-2022 12:34,LONG,12:09,NIFTYBANK,42659.05,42654.3,12:34,904,,-4294.0,-61435599.44999997,38564400.55000025
23-11-2022 12:36,LONG,12:35,NIFTYBANK,42650.35,42655.8,12:36,904,,4926.8000000039465,-61430672.64999997,38569327.350000255
23-11-2022 12:42,LONG,12:37,NIFTYBANK,42651.55,42657.1,12:42,904,,5017.1999999960535,-61425655.44999997,38574344.55000025
23-11-2022 13:04,SHORT,12:43,NIFTYBANK,42656.25,42684.1,13:04,904,,-25176.399999998685,-61450831.84999997,38549168.15000025
23-11-2022 13:06,SHORT,13:05,NIFTYBANK,42685.6,42683.5,13:06,903,,1896.299999998686,-61448935.549999975,38551064.45000026
23-11-2022 13:08,SHORT,13:07,NIFTYBANK,42686.75,42682.15,13:08,903,,4153.799999998686,-61444781.74999998,38555218.25000025
23-11-2022 13:25,SHORT,13:16,NIFTYBANK,42688.05,42693.15,13:25,903,,-4605.299999998686,-61449387.049999975,38550612.95000026
23-11-2022 13:39,LONG,13:28,NIFTYBANK,42692.15,42688.8,13:39,902,,-3021.6999999986874,-61452408.74999997,38547591.25000025
23-11-2022 14:59,SHORT,13:40,NIFTYBANK,42693.1,42839.75,14:59,902,,-132278.30000000133,-61584687.049999975,38415312.95000026
24-11-2022 10:23,SHORT,09:58,NIFTYBANK,42930.2,42916.05,10:23,894,,12650.099999994796,-61572036.94999998,38427963.05000025
24-11-2022 10:57,SHORT,10:26,NIFTYBANK,42925.55,42962.9,10:57,895,,-33428.2499999987,-61605465.19999998,38394534.80000025
24-11-2022 11:15,SHORT,10:58,NIFTYBANK,42966.7,42970.0,11:15,893,,-2946.900000002599,-61608412.09999999,38391587.900000244
24-11-2022 11:32,LONG,11:20,NIFTYBANK,42966.8,42955.95,11:32,893,,-9689.050000005198,-61618101.14999999,38381898.85000023
24-11-2022 11:50,SHORT,11:41,NIFTYBANK,42955.75,42949.5,11:50,893,,5581.25,-61612519.89999999,38387480.10000023
24-11-2022 12:36,SHORT,11:56,NIFTYBANK,42950.7,42937.6,12:36,893,,11698.2999999987,-61600821.599999994,38399178.40000023
24-11-2022 12:39,SHORT,12:37,NIFTYBANK,42942.3,42937.7,12:39,894,,4112.400000005204,-61596709.19999999,38403290.800000235
24-11-2022 13:21,SHORT,12:40,NIFTYBANK,42942.8,42903.3,13:21,894,,35313.0,-61561396.19999999,38438603.800000235
24-11-2022 13:56,LONG,13:33,NIFTYBANK,42890.4,42920.0,13:56,896,,26521.599999998696,-61534874.59999999,38465125.40000024
24-11-2022 14:32,SHORT,14:00,NIFTYBANK,42927.35,42943.6,14:32,896,,-14560.0,-61549434.59999999,38450565.40000024
25-11-2022 10:25,LONG,14:36,NIFTYBANK,42942.25,43168.55,10:25,895,,202538.50000000262,-61346896.09999999,38653103.90000024
25-11-2022 12:39,SHORT,10:26,NIFTYBANK,43167.85,42974.1,12:39,895,,173406.25,-61173489.84999999,38826510.150000244
25-11-2022 13:32,LONG,13:14,NIFTYBANK,42965.65,42972.0,13:32,903,,5734.049999998686,-61167755.79999999,38832244.20000024
29-11-2022 10:41,SHORT,13:43,NIFTYBANK,42995.5,43225.1,10:41,903,,-207328.79999999868,-61375084.59999999,38624915.400000244
29-11-2022 10:43,SHORT,10:42,NIFTYBANK,43229.4,43225.45,10:43,893,,3527.3500000038985,-61371557.249999985,38628442.75000025
29-11-2022 10:46,LONG,10:44,NIFTYBANK,43224.05,43233.4,10:46,893,,8349.5499999987,-61363207.69999999,38636792.30000025
29-11-2022 10:48,SHORT,10:47,NIFTYBANK,43235.35,43223.9,10:48,893,,10224.849999997401,-61352982.849999994,38647017.150000244
29-11-2022 11:14,SHORT,10:49,NIFTYBANK,43234.05,43256.4,11:14,893,,-19958.5499999987,-61372941.39999999,38627058.60000025
29-11-2022 12:39,LONG,11:39,NIFTYBANK,43204.45,43168.45,12:39,894,,-32184.0,-61405125.39999999,38594874.60000025
29-11-2022 13:15,LONG,12:40,NIFTYBANK,43161.45,43169.05,13:15,894,,6794.400000005204,-61398330.999999985,38601669.00000025
29-11-2022 13:17,SHORT,13:16,NIFTYBANK,43171.5,43167.3,13:17,894,,3754.799999997398,-61394576.19999999,38605423.80000025
29-11-2022 13:19,SHORT,13:18,NIFTYBANK,43172.85,43164.25,13:19,894,,7688.399999998699,-61386887.79999999,38613112.20000026
29-11-2022 13:23,LONG,13:20,NIFTYBANK,43159.15,43169.35,13:23,894,,9118.799999997398,-61377768.99999999,38622231.00000025
29-11-2022 14:05,SHORT,13:30,NIFTYBANK,43171.2,43165.15,14:05,894,,5408.699999996097,-61372360.3,38627639.70000025
30-11-2022 13:15,LONG,14:09,NIFTYBANK,43160.35,42972.85,13:15,894,,-167625.0,-61539985.3,38460014.70000025
30-11-2022 14:44,SHORT,13:17,NIFTYBANK,42983.15,43067.15,14:44,894,,-75096.0,-61615081.3,38384918.70000025
01-12-2022 10:36,LONG,14:46,NIFTYBANK,43068.15,43385.85,10:36,891,,283070.6999999974,-61332010.6,38667989.40000025
01-12-2022 11:14,SHORT,10:37,NIFTYBANK,43379.5,43380.5,11:14,891,,-891.0,-61332901.6,38667098.400000244
01-12-2022 11:31,LONG,11:15,NIFTYBANK,43379.5,43381.3,11:31,891,,1603.8000000025932,-61331297.8,38668702.20000025
01-12-2022 11:58,LONG,11:32,NIFTYBANK,43373.85,43355.0,11:58,891,,-16795.349999998703,-61348093.15,38651906.85000025
01-12-2022 12:17,LONG,12:06,NIFTYBANK,43365.7,43369.1,12:17,891,,3029.4000000012966,-61345063.75,38654936.25000025
01-12-2022 12:52,SHORT,12:19,NIFTYBANK,43371.4,43385.5,12:52,891,,-12563.099999998703,-61357626.85,38642373.150000244
01-12-2022 13:01,LONG,12:53,NIFTYBANK,43383.6,43387.4,13:01,890,,3382.0000000025902,-61354244.85,38645755.150000244
01-12-2022 13:04,LONG,13:02,NIFTYBANK,43386.1,43390.7,13:04,890,,4093.999999998705,-61350150.85,38649849.150000244
01-12-2022 15:18,SHORT,13:05,NIFTYBANK,43398.3,43263.9,15:18,890,,119616.0000000013,-61230534.85,38769465.150000244
02-12-2022 10:20,SHORT,09:59,NIFTYBANK,43072.35,43039.85,10:20,900,,29250.0,-61201284.85,38798715.150000244
02-12-2022 11:02,LONG,10:24,NIFTYBANK,43042.5,43045.8,11:02,901,,2973.3000000026223,-61198311.55,38801688.45000025
02-12-2022 11:45,SHORT,11:03,NIFTYBANK,43053.15,43033.05,11:45,901,,18110.09999999869,-61180201.449999996,38819798.55000024
02-12-2022 12:38,LONG,11:46,NIFTYBANK,43031.05,42975.1,12:38,902,,-50466.90000000394,-61230668.35,38769331.65000024
02-12-2022 14:07,SHORT,12:40,NIFTYBANK,42979.75,43027.0,14:07,902,,-42619.5,-61273287.85,38726712.150000244
05-12-2022 09:42,SHORT,14:55,NIFTYBANK,43061.2,43097.9,09:42,899,,-32993.300000003925,-61306281.150000006,38693718.85000024
05-12-2022 10:40,LONG,09:44,NIFTYBANK,43095.5,43107.8,10:40,897,,11033.10000000261,-61295248.050000004,38704751.95000024
05-12-2022 11:28,SHORT,10:42,NIFTYBANK,43107.2,43167.05,11:28,897,,-53685.45000000522,-61348933.50000001,38651066.50000023
05-12-2022 11:56,LONG,11:31,NIFTYBANK,43167.05,43168.4,11:56,895,,1208.2499999986976,-61347725.25000001,38652274.75000023
05-12-2022 12:03,LONG,11:57,NIFTYBANK,43164.65,43168.85,12:03,895,,3758.999999997395,-61343966.25000001,38656033.75000023
05-12-2022 13:05,SHORT,12:06,NIFTYBANK,43170.55,43259.55,13:05,895,,-79655.0,-61423621.25000001,38576378.75000024
05-12-2022 14:58,LONG,13:15,NIFTYBANK,43240.2,43313.2,14:58,892,,65116.0,-61358505.25000001,38641494.75000024
06-12-2022 09:31,SHORT,14:59,NIFTYBANK,43306.55,43240.3,09:31,892,,59095.0,-61299410.25000001,38700589.75000023
06-12-2022 09:38,LONG,09:32,NIFTYBANK,43239.1,43243.4,09:38,895,,3848.500000002605,-61295561.75000001,38704438.25000023
06-12-2022 09:41,SHORT,09:40,NIFTYBANK,43244.15,43237.55,09:41,895,,5906.999999998698,-61289654.75000001,38710345.25000024
06-12-2022 10:12,SHORT,09:46,NIFTYBANK,43242.0,43265.4,10:12,895,,-20943.000000001302,-61310597.75000001,38689402.25000024
06-12-2022 11:29,LONG,10:13,NIFTYBANK,43259.6,43176.45,11:29,894,,-74336.1000000013,-61384933.85000001,38615066.15000024
06-12-2022 11:50,SHORT,11:30,NIFTYBANK,43172.95,43157.0,11:50,894,,14259.299999997398,-61370674.55000001,38629325.45000023
06-12-2022 13:14,LONG,11:51,NIFTYBANK,43154.5,43156.0,13:14,895,,1342.5,-61369332.05000001,38630667.95000023
06-12-2022 13:20,SHORT,13:17,NIFTYBANK,43156.4,43152.35,13:20,895,,3624.750000002605,-61365707.30000001,38634292.70000023
07-12-2022 09:56,LONG,14:32,NIFTYBANK,43121.3,43249.0,09:56,895,,114291.4999999974,-61251415.80000001,38748584.20000023
07-12-2022 11:09,SHORT,09:57,NIFTYBANK,43259.15,43007.35,11:09,895,,225361.00000000262,-61026054.80000001,38973945.20000023
07-12-2022 14:00,SHORT,11:47,NIFTYBANK,43060.9,43085.35,14:00,905,,-22127.249999997366,-61048182.05000001,38951817.95000023
07-12-2022 15:11,SHORT,14:39,NIFTYBANK,43113.85,43100.85,15:11,903,,11739.0,-61036443.05000001,38963556.95000023
08-12-2022 10:21,LONG,15:15,NIFTYBANK,43094.55,43363.25,10:21,904,,242904.79999999737,-60793538.250000015,39206461.75000022
08-12-2022 11:48,SHORT,10:23,NIFTYBANK,43354.5,43424.65,11:48,904,,-63415.600000001315,-60856953.85000002,39143046.15000022
08-12-2022 13:02,LONG,11:52,NIFTYBANK,43430.1,43385.75,13:02,901,,-39959.34999999869,-60896913.20000002,39103086.80000022
08-12-2022 14:45,SHORT,13:08,NIFTYBANK,43382.8,43561.45,14:45,901,,-160963.64999999476,-61057876.85000001,38942123.15000024
08-12-2022 15:09,LONG,14:49,NIFTYBANK,43560.05,43560.25,15:09,893,,178.59999999740103,-61057698.250000015,38942301.75000023
09-12-2022 10:21,SHORT,15:24,NIFTYBANK,43605.4,43803.2,10:21,893,,-176635.3999999961,-61234333.65000001,38765666.35000023
09-12-2022 10:58,LONG,10:39,NIFTYBANK,43736.85,43712.85,10:58,886,,-21264.0,-61255597.65000001,38744402.35000023
09-12-2022 11:28,SHORT,10:59,NIFTYBANK,43710.1,43701.55,11:28,886,,7575.299999996132,-61248022.35000002,38751977.65000022
09-12-2022 13:30,SHORT,11:35,NIFTYBANK,43708.85,43563.6,13:30,886,,128691.5,-61119330.85000002,38880669.15000022
09-12-2022 14:59,LONG,13:35,NIFTYBANK,43552.0,43490.65,14:59,892,,-54724.1999999987,-61174055.05000001,38825944.95000023
12-12-2022 11:44,SHORT,09:59,NIFTYBANK,43665.65,43667.6,11:44,889,,-1733.5499999974127,-61175788.60000001,38824211.40000022
12-12-2022 12:12,LONG,11:47,NIFTYBANK,43669.25,43724.85,12:12,889,,49428.399999998706,-61126360.20000001,38873639.80000022
12-12-2022 12:21,SHORT,12:13,NIFTYBANK,43722.85,43717.5,12:21,889,,4756.149999998706,-61121604.05000001,38878395.95000023
12-12-2022 13:47,LONG,12:29,NIFTYBANK,43721.35,43643.0,13:47,889,,-69653.14999999871,-61191257.20000001,38808742.80000023
13-12-2022 11:45,SHORT,13:48,NIFTYBANK,43642.1,43948.6,11:45,889,,-272478.5,-61463735.70000001,38536264.30000023
13-12-2022 11:54,SHORT,11:48,NIFTYBANK,43962.35,43955.25,11:54,876,,6219.599999998725,-61457516.10000001,38542483.90000023
13-12-2022 12:35,SHORT,11:56,NIFTYBANK,43960.0,43907.65,12:35,876,,45858.599999998725,-61411657.50000001,38588342.50000023
13-12-2022 12:59,LONG,12:38,NIFTYBANK,43897.3,43901.0,12:59,879,,3252.299999997442,-61408405.20000001,38591594.80000023
13-12-2022 13:34,SHORT,13:00,NIFTYBANK,43906.75,43918.25,13:34,878,,-10097.0,-61418502.20000001,38581497.80000022
13-12-2022 14:27,LONG,13:46,NIFTYBANK,43889.7,43886.5,14:27,879,,-2812.799999997442,-61421315.00000001,38578685.00000022
14-12-2022 12:31,SHORT,14:28,NIFTYBANK,43891.9,44124.45,12:31,878,,-204178.89999999618,-61625493.900000006,38374506.10000023
14-12-2022 13:06,LONG,12:47,NIFTYBANK,44115.35,44094.6,13:06,869,,-18031.75,-61643525.650000006,38356474.35000023
14-12-2022 13:21,SHORT,13:11,NIFTYBANK,44094.55,44091.65,13:21,869,,2520.1000000012646,-61641005.550000004,38358994.450000234
14-12-2022 13:26,SHORT,13:22,NIFTYBANK,44097.6,44089.85,13:26,869,,6734.75,-61634270.800000004,38365729.200000234
14-12-2022 14:07,LONG,13:29,NIFTYBANK,44093.25,44075.1,14:07,870,,-15790.500000001266,-61650061.300000004,38349938.700000234
14-12-2022 14:32,SHORT,14:10,NIFTYBANK,44078.45,44070.4,14:32,870,,7003.499999996202,-61643057.80000001,38356942.20000023
14-12-2022 15:09,LONG,14:33,NIFTYBANK,44066.95,44065.3,15:09,870,,-1435.499999994936,-61644493.300000004,38355506.70000023
15-12-2022 12:16,LONG,15:17,NIFTYBANK,44054.85,43903.55,12:16,870,,-131630.99999999622,-61776124.3,38223875.70000023
15-12-2022 13:27,LONG,12:17,NIFTYBANK,43898.55,43828.25,13:27,870,,-61161.00000000253,-61837285.3,38162714.70000023
15-12-2022 14:00,SHORT,13:31,NIFTYBANK,43828.25,43825.05,14:00,870,,2783.999999997468,-61834501.3,38165498.70000023
16-12-2022 09:59,SHORT,14:08,NIFTYBANK,43834.9,43320.2,09:59,870,,447789.0000000038,-61386712.29999999,38613287.70000023
19-12-2022 09:39,SHORT,11:06,NIFTYBANK,43135.05,43204.55,09:39,895,,-62202.5,-61448914.79999999,38551085.20000023
19-12-2022 10:13,LONG,09:42,NIFTYBANK,43207.1,43302.8,10:13,892,,85364.4000000039,-61363550.39999998,38636449.60000023
19-12-2022 11:53,SHORT,10:16,NIFTYBANK,43313.7,43406.3,11:53,892,,-82599.20000000519,-61446149.59999999,38553850.40000024
19-12-2022 12:23,LONG,11:54,NIFTYBANK,43406.3,43364.9,12:23,888,,-36763.20000000129,-61482912.79999999,38517087.200000234
19-12-2022 13:29,LONG,12:56,NIFTYBANK,43308.2,43302.15,13:29,889,,-5378.449999996119,-61488291.249999985,38511708.75000024
20-12-2022 10:25,SHORT,13:30,NIFTYBANK,43309.55,43135.2,10:25,889,,154997.15000000517,-61333294.09999998,38666705.900000244
20-12-2022 12:02,LONG,10:36,NIFTYBANK,43108.8,43004.7,12:02,896,,-93273.60000000522,-61426567.69999999,38573432.300000235
20-12-2022 14:44,SHORT,12:04,NIFTYBANK,43005.65,43212.55,14:44,896,,-185382.4000000013,-61611950.09999999,38388049.90000022
